food_original,current_tbca_name,current_tbca_code,occurrence_count,profiles,review_status,candidate_1,candidate_1_code,candidate_1_score,candidate_2,candidate_2_code,candidate_2_score,candidate_3,candidate_3_code,candidate_3_score,candidate_4,candidate_4_code,candidate_4_score,candidate_5,candidate_5_code,candidate_5_score
"Arroz, integral, cozido, c/ óleo, cebolha e alho, c/ sal","Arroz, integral, cozido, c/ óleo, cebola e alho, s/ sal",BRC0210A,391,regular|vegan|vegetarian,PENDING_MANUAL_REVIEW,"Arroz, integral, cozido, c/ óleo, cebola e alho, c/ sal, Brasil",BRC0211A,0.89382,"Arroz selvagem, cozido, c/ óleo, cebola e alho, c/ sal",BRC0995A,0.73966,"Arroz selvagem, cozido, c/ óleo, cebola e alho, s/ sal",BRC0996A,0.73966,"Arroz polido, cozido, c/ óleo de soja, cebola e alho, c/ sal, Brasil",BRC0209A,0.68785,"Arroz, polido, cozido, c/ óleo de soja, cebola e alho, s/ sal, Brasil",BRC0208A,0.68785
"Feijão, carioca, cozido (50% grão e 50% caldo), c/ óleo, cebola e alho, c/ sal","Feijão, carioca, cozido (50% grão e 50% caldo), c/ óleo, cebola e alho, s/ sal, Brasil",BRC0090T,276,regular|vegan|vegetarian,PENDING_MANUAL_REVIEW,"Feijão carioca, cozido (50% grão e 50% caldo), c/ óleo de soja, cebola e alho, c/ sal, Brasil",BRC0091T,0.94151,"Feijão, preto, cozido (50% grão e 50% caldo), c/ óleo, cebola e alho, s/ sal",BRC0107T,0.88952,"Feijão, fradinho, cozido (50% grão e 50% caldo), c/ óleo, cebola e alho, c/ sal",BRC0100T,0.88602,"Feijão, fradinho, cozido (50% grão e 50% caldo), c/ óleo, cebola e alho, s/ sal",BRC0099T,0.88602,"Feijão, preto, cozido (50% grão e 50% caldo), c/ óleo e cebola e alho, c/ sal",BRC0108T,0.88135
"Tomate, in natura","Pitaia,in natura",BRC0225C,262,regular|vegan|vegetarian,PENDING_MANUAL_REVIEW,"Tomate, cru, Brasil",BRC0035B,1.0,"Tomate recheado, c/ sal",BRC0845B,0.414,"Tomate recheado, s/ sal",BRC0846B,0.414,"Bruschetta, c/ tomate, c/ sal",BRC0735A,0.39444,"Bruschetta, c/ tomate, s/ sal",BRC0736A,0.39444
"Suco, laranja, s/ açúcar","Suco, laranjada, c/ açúcar",BRC0108C,255,regular|vegan|vegetarian,PENDING_MANUAL_REVIEW,"Suco, laranja, Baía, s/ açúcar",BRC0040C,0.82355,"Suco, laranja, Lima, s/ açúcar",BRC0041C,0.82355,"Suco, laranja, Valência, s/ açúcar",BRC0043C,0.78218,"Suco, laranja, s/ açúcar (média diferentes variedades)",BRC0038C,0.76403,"Suco, néctar, laranja, c/ suco de maçã, c/ açúcar, Brasil",BRC0249C,0.65
"Iogurte, natural, desnatado","Iogurte, natural, desnatado, Brasil",BRC0023G,249,regular|vegetarian,PENDING_MANUAL_REVIEW,"Iogurte, natural (média de diferentes amostras), Brasil",BRC0020G,0.7125,"Iogurte, natural, Brasil",BRC0021G,0.7125,"Iogurte, natural, desnatado, c/ aveia, flocos",BRC0112G,0.70651,"Iogurte, natural, c/ aveia, flocos",BRC0110G,0.55358,"Iogurte, grego, integral, natural (dado importado)",BRC0133G,0.47429
"Pão francês, trigo, branco, de padaria (médias de diferentes amostras)","Queijo, prato, Brasil (média de diferentes amostras)",BRC0064G,238,regular|vegan|vegetarian,PENDING_MANUAL_REVIEW,"Pão francês (cacetinho, de sal, média), de padaria, c/ farinha de trigo refinada, Brasil  (médias de diferentes amostras)",BRC0002A,0.5125,"Pão francês, c/ geleia",BRC1158A,0.48,"Pão francês, c/ requeijão",BRC0469A,0.46132,"Pão francês, c/ tucumã",BRC0882A,0.458,"Pão, c/ farinha de trigo, vegano, caseiro",BRC1074A,0.45625
"Bebida, café, infusão 10%, s/ açúcar","Bebida, café, infusão 10%, c/ açúcar",BRC0042H,237,regular|vegan|vegetarian,PENDING_MANUAL_REVIEW,"Bebida, café, infusão 10%, s/ açúcar, Brasil",BRC0007H,1.0,"Bebida, café, infusão 10%, s/ açúcar, c/ farinha de mandioca",BRC0159H,0.74676,"Bebida, café, infusão 6% - suave, c/ açúcar",BRC0061H,0.72857,"Bebida, café, infusão 6% - suave, s/ açúcar, Brasil",BRC0060H,0.72857,"Bebida, café, infusão 8% - médio, c/ açúcar",BRC0063H,0.72857
"Aveia, crua (média de diferentes tipos)","Aveia, crua, Brasil (média de diferentes tipos)",BRC0021A,226,regular|vegan|vegetarian,PENDING_MANUAL_REVIEW,"Aveia, fibras, Brasil",BRC0023A,0.54853,"Mingau, de aveia",BRC0053G,0.54853,"Aveia, farinha, crua, Brasil",BRC0022A,0.53056,"Aveia, flocos, finos, Brasil",BRC0024A,0.38913,"Aveia, flocos, finos, Brasil",BRC0026A,0.38913
"Alface, crua","Alface, crua, Brasil",BRC0009B,222,regular|vegan|vegetarian,PENDING_MANUAL_REVIEW,"Alface, lisa, crua, Brasil",BRC0061B,0.61324,"Alface, roxa, crua, Brasil",BRC0062B,0.61324,"Alface, crespa, crua, brasil",BRC0060B,0.57237,"Alface, americana, crua, Brasil",BRC0063B,0.525,"Salada, alface lisa, s/ óleo, s/ sal",BRC0589B,0.29
"Banana, in natura","Banana, Figo,in natura, Brasil",BRC0093C,215,regular|vegan|vegetarian,PENDING_MANUAL_REVIEW,"Banana, maçã,in natura, Brasil",BRC0009C,0.61324,"Banana, ouro,in natura, Brasil",BRC0010C,0.61324,"Cuca, banana",BRC0770A,0.61324,"Banana, da terra,in natura, Brasil",BRC0008C,0.59167,"Banana, prata,in natura, Brasil",BRC0011C,0.59167
"Leite, vaca, desnatado, fluído (média de diferentes amostras)","Leite, vaca, desnatado, fluído (média de diferentes amostras), Brasil",BRC0036G,215,regular|vegetarian,PENDING_MANUAL_REVIEW,"Leite, cabra, desnatado, fluído, Brasil",BRC0029G,0.77,"Leite, vaca, desnatado, em pó, Brasil",BRC0038G,0.754,"Leite, vaca, desnatado, UHT, Brasil",BRC0070G,0.74451,"Leite, vaca, desnatado, c/chocolate, Brasil",BRC0037G,0.69456,"Leite, vaca, c/ chocolate, fluido, Brasil",BRC0033G,0.67741
"Maçã, c/ casca, in natura","Maçã, Fuji, c/ casca,in natura, Brasil",BRC0064C,194,regular|vegan|vegetarian,PENDING_MANUAL_REVIEW,"Maçã, Argentina, c/ casca,in natura, Brasil",BRC0063C,0.66667,"Maçã, c/ casca,in natura, Brasil (média diferentes variedades)",BRC0023C,0.65484,"Mangaba, c/ casca,in natura, Brasil",BRC0288C,0.58043,"Caqui,  c/ casca,in natura, Brasil",BRC0012C,0.56905,"Ameixa, c/ casca,in natura, Brasil",BRC0005C,0.55
"Brócolos, flor, cozido, drenado, s/ óleo, c/ sal","Brócolis, flor, cozido, drenado, s/ óleo, c/ sal",BRC0150B,191,regular|vegan|vegetarian,PENDING_MANUAL_REVIEW,"Brócolis, flor, cozido, drenado, s/ óleo, s/ sal, Brasil",BRC0045B,0.85656,"Agrião, cozido, drenado, s/ óleo, c/ sal",BRC0914B,0.68401,"Agrião, cozido, drenado, s/ óleo, s/ sal, Brasil",BRC0162B,0.68401,"Caruru, cozido, drenado, s/ óleo, c/ sal",BRC0246B,0.68401,"Caruru, cozido, drenado, s/ óleo, s/ sal, Brasil",BRC0245B,0.68401
"Castanha do Brasil, crua","Castanha do Brasil, crua, Brasil",BRC0003U,185,regular|vegan|vegetarian,PENDING_MANUAL_REVIEW,"Castanha do Brasil, caramelizada",BRC0020U,0.52845,"Castanha de caju, crua, s/ sal, Brasil",BRC0012U,0.502,"Chocolate, ao leite, com castanha do Brasil, Brasil",BRC0052K,0.425,"Farofa de castanha de caju, c/ sal",BRC1039B,0.3875,"Caju, castanha, torrada, c/ sal, Brasil",BRC0002U,0.37917
"Pão, trigo, integral, forma (média de diferentes marcas)","Trigo, farinha integral, crua , Brasil (média de diferentes amostras)",BRC0132A,184,regular|vegan|vegetarian,PENDING_MANUAL_REVIEW,"Pão, trigo, integral",BRC0149A,0.67408,"Pão, integral, c/ farinha de trigo refinada, forma (média de diferentes marcas), Brasil",BRC0155A,0.66953,"Pão, trigo, integral, c/ chia, c/ macadâmia",BRC1089A,0.62254,"Pão, trigo, integral, c/ quinoa, c/ castanha do Brasil",BRC1088A,0.61593,"Pão, integral, c/ fibras, forma, Brasil",BRC0153A,0.57857
"Azeite, oliva","Azeite, oliva, frito",BRC0044D,181,regular|vegan|vegetarian,PENDING_MANUAL_REVIEW,"Azeite, oliva, Brasil",BRC0002D,1.0,"Azeite, oliva, assado",BRC0049D,0.72581,"Azeite, oliva, cozido",BRC0039D,0.72581,"Salada, atum, c/ azeite de oliva, c/ sal",BRC0383B,0.51,"Salada, atum, c/ azeite de oliva, s/ sal",BRC0436B,0.51
"Mamão, Papaia, polpa, in natura","Mamão, Papaia, polpa,in natura, Brasil",BRC0044C,176,regular|vegan|vegetarian,PENDING_MANUAL_REVIEW,"Mamão, Formosa, polpa,in natura, Brasil",BRC0045C,0.61149,"Mamão, polpa,in natura, Brasil (média diferentes variedades)",BRC0024C,0.5275,"Abacaxi, polpa,in natura, Brasil",BRC0002C,0.46734,"Açaí, polpa (média de amostras), Brasil",BRC0003C,0.46607,"Açaí, polpa, Brasil",BRC0185C,0.46607
"Cuscuz de milho, cozido, c/ sal","Cuscuz de milho, cozido, c/ manteiga, c/ sal",BRC1147A,170,regular|vegan|vegetarian,PENDING_MANUAL_REVIEW,"Cuscuz de milho, cozido, c/ leite de coco, c/ açúcar",BRC0860A,0.57786,"Cuscuz de milho, cozido, c/ leite integral, c/ açúcar",BRC0859A,0.57098,"Pinhão, cozido, s/ sal, Brasil",BRC0007U,0.565,"Milho, polenta/fubá, cozido, c/ sal",BRC0143A,0.56346,"Farinha de milho, cuscuz, cozido no vapor, c/ sal, Brasil",BRC0409A,0.55397
"Arroz, polido, cozido, c/ óleo, cebola e alho, c/ sal","Arroz selvagem, cozido, c/ óleo, cebola e alho, c/ sal",BRC0995A,162,regular|vegan|vegetarian,PENDING_MANUAL_REVIEW,"Arroz polido, cozido, c/ óleo de soja, cebola e alho, c/ sal, Brasil",BRC0209A,0.9191,"Arroz, polido, cozido, c/ óleo de soja, cebola e alho, s/ sal, Brasil",BRC0208A,0.9191,"Arroz selvagem, cozido, c/ óleo, cebola e alho, s/ sal",BRC0996A,0.82326,"Arroz, integral, cozido, c/ óleo, cebola e alho, c/ sal, Brasil",BRC0211A,0.82326,"Arroz, integral, cozido, c/ óleo, cebola e alho, s/ sal",BRC0210A,0.82326
"Pera, in natura","Pitaia,in natura",BRC0225C,147,regular|vegan|vegetarian,PENDING_MANUAL_REVIEW,"Laranja, Pera,in natura, Brasil",BRC0020C,0.5,"Pera, ´Park´,  c/ casca,in natura, Brasil",BRC0052C,0.38158,"Pera, ´Williams´, c/ casca,in natura, Brasil",BRC0053C,0.3413,"Pera, c/ casca,in natura, Brasil (média diferentes variedades)",BRC0030C,0.326,"Pera, cozida, caramelada",BRC0193C,0.31923
"Queijo, minas, frescal, light","Queijo, minas, frescal, light, Brasil",BRC0037N,139,regular|vegetarian,PENDING_MANUAL_REVIEW,"Queijo, Minas, frescal, Brasil",BRC0052G,0.81576,"Queijo, minas, padrão, light, Brasil",BRC0039N,0.72294,"Queijo, minas, tipo parmesão, Brasil",BRC0060G,0.57787,"Queijo, minas, padrão (média de diferentes amostras), Brasil",BRC0056G,0.54667,"Queijo, minas, padrão, Brasil",BRC0058G,0.54667
"Biscoito, arroz","Biscoito, palmier, caseiro",BRC0946A,127,regular|vegan|vegetarian,PENDING_MANUAL_REVIEW,"Óleo, arroz, Brasil",BRC0022D,0.51667,"Biscoito, farinha de arroz (dado importado)",BRC0836A,0.48196,"Biscoito, doce, Maria, Brasil",BRC0028A,0.47917,"Biscoito Sembei, caseiro",BRC1019A,0.46926,"Biscoito, salgado, água, Brasil",BRC0056A,0.45821
"Melão, polpa, in natura","Melão, polpa,in natura, Brasil",BRC0028C,125,regular|vegan|vegetarian,PENDING_MANUAL_REVIEW,"Melancia, polpa,in natura, Brasil",BRC0027C,0.59,"Açaí, polpa (média de amostras), Brasil",BRC0003C,0.51667,"Açaí, polpa, Brasil",BRC0185C,0.51667,"Pitomba, polpa, crua, Brasil",BRC0287C,0.51667,"Cacau, polpa,in natura, Brasil",BRC0071C,0.5
"Ovo, galinha, mexido, c/ margarina, c/ sal","Ovo, galinha, mexido, c/ margarina, c/ sal, Brasil",BRC0027J,120,regular|vegetarian,PENDING_MANUAL_REVIEW,"Ovo, galinha, mexido, c/ margarina, s/ sal, Brasil",BRC0092L,1.0,"Ovo, galinha, mexido, s/ óleo, s/ sal, Brasil",BRC0065J,0.72881,"Ovo, galinha, mexido, c/ espinafre, c/ óleo de soja, c/ sal, Brasil",BRC0066J,0.61149,"Ovo, galinha, mexido, c/ salsa (salsinha), s/ óleo, c/ sal, Brasil",BRC0064J,0.59662,"Ovo, galinha, mexido, c/ salsa (salsinha), s/ óleo, s/ sal, Brasil",BRC0063J,0.59662
"Soja, proteína, texturizada, hidratada (c/ caldo de legumes), refogada, c/ óleo, cebola e alho, c/ sal","Soja, proteína, texturizada, hidratada (c/ caldo de legumes), refogada, c/ óleo de soja, cebola e alho, c/ sal, Brasil",BRC0169T,112,vegan|vegetarian,PENDING_MANUAL_REVIEW,"Soja, proteína, texturizada, hidratada (c/ caldo de legumes), s/ sal",BRC0170T,0.69757,"Molho de tomate, c/ proteína texturizada de soja, c/ óleo, cebola e alho, c/ sal",BRC0812B,0.63672,"Linguiça, calabresa, refogada (c/ óleo, cebola e alho), c/ sal",BRC0897F,0.55393,"Beterraba, refogada (c/ óleo, cebola e alho), c/ sal",BRC0327B,0.55032,"Beterraba, refogada (c/ óleo, cebola e alho), s/ sal",BRC0326B,0.55032
"Castanha de caju, crua, s/ sal","Castanha de caju, crua, s/ sal, Brasil",BRC0012U,103,regular|vegan|vegetarian,PENDING_MANUAL_REVIEW,"Farofa de castanha de caju, c/ sal",BRC1039B,0.7936,"Caju, castanha, torrada, c/ sal, Brasil",BRC0002U,0.70417,"Farofa de castanha de caju, c/ açúcar",BRC1038B,0.555,"Castanha de caju, torrada, caramelizada",BRC0019U,0.5251,"Castanha do Brasil, crua, Brasil",BRC0003U,0.502
"Macarrão, trigo, cozido, drenado, s/ óleo, c/ sal","Macarrão, trigo, integral, cozido, drenado, s/ óleo, c/ sal",BRC0835A,103,regular|vegan|vegetarian,PENDING_MANUAL_REVIEW,"Macarrão, trigo, s/ ovos, cozido, drenado, s/ sal, Brasil",BRC0195A,0.79906,"Macarrão, farinha de trigo refinada, cozido, drenado, s/ óleo, c/ sal, Brasil",BRC0834A,0.78696,"Macarrão, trigo, integral, cozido, drenado, s/ sal, Brasil",BRC0229A,0.77518,"Macarrão, farinha de trigo refinada, seco, cozido, drenado, s/ óleo, s/ sal, Brasil (média de diferentes amostras)",BRC0116A,0.72653,"Macarrão, farinha de trigo refinado , c/ ovos, cozido, drenado, s/ óleo, s/ sal, Brasil",BRC0194A,0.72653
"Linhaça, semente","Linhaça, semente, Brasil",BRC0006U,101,regular|vegan|vegetarian,PENDING_MANUAL_REVIEW,"Gergelim, semente, crua, Brasil",BRC0016U,0.50484,"Linhaça, farinha (média de diferentes tipos), Brasil",BRC0037U,0.48,"Araçá, polpa, com casca, sem semente,in natura, Brasil",BRC0228C,0.42,"Orelha-de-padre, semente, seca, cru",BRC0112T,0.42,"Linhaça marrom, farinha, Brasil",BRC0038U,0.4098
"Noz, crua","Noz, crua, Brasil",BRC0009U,101,regular|vegan|vegetarian,PENDING_MANUAL_REVIEW,"Noz, pecan, torrada, s/ sal",BRC0022U,0.25,"Noz moscada, em pó (dado importado)",BRC0823B,0.19313,"Alho, cru, Brasil",BRC0010B,0.15714,"Agrião, cru, Brasil",BRC0008B,0.12222,"Salada, espinafre refogado, tomate, queijo minas, noz, s/ óleo, s/ sal",BRC0607B,0.1041
"Pão, sírio, branco","Pão, trigo, integral",BRC0149A,99,regular|vegan|vegetarian,PENDING_MANUAL_REVIEW,"Repolho, branco, cru, Brasil",BRC0033B,0.47917,"Feijão, branco, cru, Brasil",BRC0027T,0.45388,"Pão, milho, forma",BRC0146A,0.40935,"Bolo, trigo, branco, simples",BRC1145A,0.39695,"Sopa, repolho, branco, c/ sal",BRC0258B,0.38526
"Chia, semente, seca","Chia, semente, seca (dado importado)",BRC0402A,98,regular|vegan|vegetarian,PENDING_MANUAL_REVIEW,"Orelha-de-padre, semente, seca, cru",BRC0112T,0.57286,"Carne, seca, crua, Brasil",BRC0655F,0.47917,"Linhaça, semente, Brasil",BRC0006U,0.45625,"Gergelim, semente, crua, Brasil",BRC0016U,0.4125,"Cominho, semente, cru (dado importado)",BRC1094B,0.35585
"Abacate, polpa, in natura","Abacate, polpa,in natura, Brasil",BRC0001C,97,regular|vegan|vegetarian,PENDING_MANUAL_REVIEW,"Abacaxi, polpa,in natura, Brasil",BRC0002C,0.61538,"Açaí, polpa (média de amostras), Brasil",BRC0003C,0.58043,"Açaí, polpa, Brasil",BRC0185C,0.58043,"Cacau, polpa,in natura, Brasil",BRC0071C,0.5625,"Bacuri, polpa,in natura, Brasil",BRC0232C,0.546
"Iogurte, natural","Iogurte, natural, Brasil",BRC0021G,97,regular|vegetarian,PENDING_MANUAL_REVIEW,"Iogurte, natural (média de diferentes amostras), Brasil",BRC0020G,1.0,"Iogurte, natural, desnatado, Brasil",BRC0022G,0.7125,"Iogurte, natural, desnatado, Brasil",BRC0023G,0.7125,"Iogurte, natural, c/ aveia, flocos",BRC0110G,0.60872,"Iogurte, integral, coco, Brasil",BRC0013G,0.50972
"Leite, vaca, integral, fluído","Leite, cabra, integral, fluído, Brasil",BRC0028G,93,regular|vegetarian,PENDING_MANUAL_REVIEW,"Leite, vaca, integral, fluído, pasteurizado, Brasil (média de diferentes amostras)",BRC0043G,0.8,"Leite, vaca, integral, em pó, Brasil",BRC0041G,0.75125,"Leite, vaca, integral, UHT (média de diferentes amostras), Brasil",BRC0044G,0.74143,"Leite, vaca, integral, orgânico, Brasil",BRC0045G,0.71815,"Leite, vaca, fluído, s/ lactose, integral",BRC0094N,0.70833
"Cenoura, s/ casca, crua","Cenoura, s/ casca, crua, Brasil",BRC0020B,92,regular|vegan|vegetarian,PENDING_MANUAL_REVIEW,"Pepino, c/ casca, cru, Brasil",BRC0030B,0.546,"Nabo, c/ casca, cru, Brasil",BRC0077B,0.53261,"Nêspera,  s/ casca,in natura, Brasil",BRC0067C,0.53077,"Caqui,  c/ casca,in natura, Brasil",BRC0012C,0.51667,"Berinjela, c/ casca, crua, Brasil",BRC0014B,0.50357
"Soja, tofu","Óleo, soja, frito",BRC0048D,92,regular|vegan|vegetarian,PENDING_MANUAL_REVIEW,"Tofu, soja, s/ sal, Brasil",BRC0056T,0.55,"Soja, farelo, Brasil",BRC0282T,0.48,"Molho, soja, shoyu (média de diferentes tipos), Brasil",BRC0189T,0.4205,"Óleo, soja, Brasil",BRC0030D,0.39444,"Óleo, soja, assado",BRC0053D,0.3765
"Pepino, c/ casca, cru","Pepino, c/ casca, cru, Brasil",BRC0030B,84,regular|vegan|vegetarian,PENDING_MANUAL_REVIEW,"Jiló, c/ casca, cru, Brasil",BRC0026B,0.55,"Nabo, c/ casca, cru, Brasil",BRC0077B,0.55,"Cenoura, s/ casca, crua, Brasil",BRC0020B,0.546,"Ameixa, c/ casca,in natura, Brasil",BRC0005C,0.51667,"Berinjela, c/ casca, crua, Brasil",BRC0014B,0.51667
"Queijo, muçarela, light","Queijo, minas, frescal, light, Brasil",BRC0037N,80,regular|vegetarian,PENDING_MANUAL_REVIEW,"Queijo, ricota, light, Brasil",BRC0075N,0.6375,"Queijo, requeijão, light, Brasil",BRC0040N,0.6343,"Queijo, minas, padrão, light, Brasil",BRC0039N,0.58652,"Queijo, muçarela (mussarela, muzarela, mozarela), light, Brasil",BRC0074N,0.555,"Crepe, c/ presunto, c/ queijo muçarela",BRC0438A,0.50353
"Abóbora, moranga, refogada (c/ óleo, cebolha e alho), c/ sal","Abóbora, moranga, refogada (c/ óleo, cebola e alho), c/ sal",BRC0151B,77,regular|vegan|vegetarian,PENDING_MANUAL_REVIEW,"Abóbora, moranga, refogada (c/ óleo, cebola e alho), s/ sal",BRC0101B,0.89421,"Acelga, refogada (c/ óleo, cebola e alho), c/ sal",BRC0202B,0.67267,"Acelga, refogada, (c/ óleo, cebola e alho), s/ sal",BRC0201B,0.67267,"Taioba, folha, refogada (c/ óleo, ceboha e alho), c/ sal",BRC0240B,0.67085,"Taioba, folha, refogada (c/ óleo, cebola e alho), s/ sal",BRC0239B,0.67085
"Quinoa, grão, cozida, s/ óleo, s/ sal","Quinoa, grão, cozida, s/ óleo, s/ sal (dado importado)",BRC0399A,77,vegan|vegetarian,PENDING_MANUAL_REVIEW,"Jaca, cozida, s/ óleo, s/ sal, Brasil",BRC0271C,0.64628,"Rúcula, cozida, s/ óleo, c/ sal, Brasil",BRC0952B,0.62908,"Vitela, cozida, s/ óleo, c/ sal",BRC0853F,0.62908,"Edamame, cozida, s/ óleo, c/ sal",BRC1000B,0.621,"Edamame, cozida, s/ óleo, s/ sal, Brasil",BRC0994B,0.621
"Soja, extrato, bebida, natural (média de diferentes amostras)","Soja, extrato, bebida (média de diferentes sabores), Brasil",BRC0042T,76,vegan,PENDING_MANUAL_REVIEW,"Soja, extrato, bebida, natural, Brasil",BRC0043T,1.0,"Soja, extrato, bebida (tipo iogurte), c/ açúcar, Brasil (média de diferentes amostras)",BRC0182T,0.63975,"Soja, extrato, c/ suco de morango, Brasil",BRC0047T,0.48846,"Soja, extrato, c/ suco de maçã, Brasil",BRC0044T,0.48673,"Soja, extrato, c/ suco de maracujá, Brasil",BRC0046T,0.48208
"Amendoim, torrado, c/ sal","Amendoim, torrado, c/ sal, Brasil",BRC0021T,75,regular|vegan|vegetarian,PENDING_MANUAL_REVIEW,"Amêndoa, torrada, c/ sal, Brasil",BRC0001U,0.56949,"Amendoim, grão, cru, Brasil",BRC0020T,0.5125,"Amêndoa, crua, s/ sal, Brasil",BRC0011U,0.50282,"Amendoim, caramelizado",BRC0192T,0.46128,"Barreado, c/ sal",BRC0922F,0.45625
Tahini (pasta de gergelim),Tahini (pasta de gergelim) (dado importado),BRC0023U,71,vegan,PENDING_MANUAL_REVIEW,"Gergelim, semente, crua, Brasil",BRC0016U,0.35034,"Missô, pasta de soja (média de diferentes tipos), Brasil",BRC0186T,0.32784,"Pasta de abacate, c/ sal",BRC1084B,0.32158,"Pasta de amendoim, integral",BRC0290T,0.315,"Missô, pasta de soja, shirô, Brasil",BRC0188T,0.30523
"Amendoim, grão, cru","Amendoim, grão, cru, Brasil",BRC0020T,69,regular|vegan|vegetarian,PENDING_MANUAL_REVIEW,"Amendoim, caramelizado",BRC0192T,0.53824,"Amendoim, torrado, c/ sal, Brasil",BRC0021T,0.5125,"Óleo, amendoim, Brasil",BRC0021D,0.48846,"Pasta de amendoim, integral",BRC0290T,0.47917,"Paçoca, amendoim",BRC0081K,0.46429
"Amêndoa, torrada, c/ sal","Amêndoa, torrada, c/ sal, Brasil",BRC0001U,68,regular|vegan|vegetarian,PENDING_MANUAL_REVIEW,"Amêndoa, crua, s/ sal, Brasil",BRC0011U,0.70333,"Amêndoa, torrada, caramelizada",BRC0018U,0.64628,"Amendoim, torrado, c/ sal, Brasil",BRC0021T,0.56949,"Noz, pecan, torrada, s/ sal",BRC0022U,0.565,"Caju, castanha, torrada, c/ sal, Brasil",BRC0002U,0.555
"Beterraba, s/ casca, crua","Beterraba, s/ casca, crua, Brasil",BRC0015B,68,regular|vegan|vegetarian,PENDING_MANUAL_REVIEW,"Nêspera,  s/ casca,in natura, Brasil",BRC0067C,0.54286,"Rabanete, c/ casca, cru, Brasil",BRC0079B,0.52931,"Berinjela, c/ casca, crua, Brasil",BRC0014B,0.51667,"Carambola, c/ casca,in natura, Brasil",BRC0055C,0.51667,"Cenoura, s/ casca, crua, Brasil",BRC0020B,0.50357
"Goiaba, inteira, in natura","Goiaba, branca, inteira, c/ casca,in natura, Brasil",BRC0015C,66,regular|vegan|vegetarian,PENDING_MANUAL_REVIEW,"Goiaba, inteira,in natura, Brasil (média diferentes amostras)",BRC0014C,1.0,"Goiaba, vermelha, inteira, c/ casca,in natura, Brasil (média diferentes amostras)",BRC0016C,0.58314,"Goiaba, doce, em pasta, Brasil",BRC0096C,0.43185,"Geleia, goiaba, Brasil",BRC0019K,0.39444,"Creme de goiaba, c/ iogurte integral, s/ açúcar",BRC0423N,0.361
"Coco, água","Bala, coco, caseira",BRC0218K,63,regular|vegan|vegetarian,PENDING_MANUAL_REVIEW,"Coco, água, industrializada, Brasil",BRC0174C,0.59118,"Coco, maduro, polpa,in natura, Brasil",BRC0013C,0.45096,"Biscoito, salgado, água, Brasil",BRC0056A,0.40583,"Flan, coco, em pó, Brasil",BRC0014R,0.3744,"Manjar, coco, em pó, Brasil",BRC0086R,0.35163
"Queijo, coalho","Queijo, coalho, Brasil",BRC0048G,62,regular|vegetarian,PENDING_MANUAL_REVIEW,"Queijo, ricota, Brasil",BRC0051G,0.57308,"Queijo, ricota, light, Brasil",BRC0075N,0.525,"Queijo, prato, Brasil (média de diferentes amostras)",BRC0064G,0.502,"Tapioca, c/ queijo coalho e muçarela",BRC0841B,0.49778,"Queijo, tilsit",BRC0071G,0.48846
"Tangerina, Ponkã, in natura","Tangerina, Ponkã,in natura, Brasil",BRC0032C,48,regular|vegan|vegetarian,PENDING_MANUAL_REVIEW,"Suco, tangerina, c/ açúcar",BRC0164C,0.44861,"Suco, tangerina, s/ açúcar",BRC0163C,0.44861,"Agrião, cru, Brasil",BRC0008B,0.31429,"Amora preta,in natura, Brasil",BRC0170C,0.25385,"Acerola, madura, polpa, Brasil",BRC0004C,0.25143
"Morango, in natura","Amora preta,in natura, Brasil",BRC0170C,47,regular|vegan|vegetarian,PENDING_MANUAL_REVIEW,"Morango,in natura, Brasil (média diferentes amostras)",BRC0029C,1.0,"Pavê, morango",BRC0139K,0.63026,"Geleia, morango, Brasil",BRC0021K,0.59167,"Gelatina, morango, em pó, Brasil",BRC0026R,0.44615,"Torta, sabor morango, Brasil",BRC0079K,0.44615
"Acelga, crua","Acelga, crua, Brasil",BRC0007B,46,regular|vegan|vegetarian,PENDING_MANUAL_REVIEW,"Salada, acelga, crua, s/ óleo, s/ sal",BRC0667B,0.34821,"Alface, lisa, crua, Brasil",BRC0061B,0.32353,"Salada, acelga, crua, c/ óleo de soja, c/ sal",BRC0664B,0.29,"Abacate, polpa,in natura, Brasil",BRC0001C,0.28947,"Agrião, cru, Brasil",BRC0008B,0.275
"Repolho, cru","Repolho, roxo, cru, Brasil",BRC0080B,46,regular|vegan|vegetarian,PENDING_MANUAL_REVIEW,"Repolho, branco, cru, Brasil",BRC0033B,0.59167,"Sopa, repolho, branco, c/ sal",BRC0258B,0.36917,"Sopa, repolho, branco, s/ sal",BRC0257B,0.36917,"Salada, repolho roxo cru, s/ óleo, s/ sal",BRC0631B,0.31,"Salada, repolho, branco, cru, s/ óleo, s/ sal",BRC0555B,0.29811
"Risoto de legumes, c/ arroz polido, c/ sal","Risoto de cogumelos, c/ arroz polido, c/ sal",BRC0626A,41,regular|vegan|vegetarian,PENDING_MANUAL_REVIEW,"Risoto de legumes, c/ arroz polido, c/ sal, Brasil",BRC0623A,1.0,"Arroz com legumes, c/ arroz polido, c/ sal",BRC0524A,0.84689,"Arroz com legumes, c/ arroz polido, s/ sal",BRC0525A,0.84689,"Risoto de salmão, c/ arroz polido, c/ sal]",BRC1109A,0.76885,"Risoto de frango, c/ arroz polido, c/ sal",BRC1151A,0.75082
"Coco, polpa, in natura","Cacau, polpa,in natura, Brasil",BRC0071C,40,vegan,PENDING_MANUAL_REVIEW,"Coco, maduro, polpa,in natura, Brasil",BRC0013C,0.70741,"Açaí, polpa (média de amostras), Brasil",BRC0003C,0.535,"Açaí, polpa, Brasil",BRC0185C,0.535,"Melão, polpa,in natura, Brasil",BRC0028C,0.51667,"Bacuri, polpa,in natura, Brasil",BRC0232C,0.5
"Abacaxi, polpa, in natura","Abacaxi, polpa,in natura, Brasil",BRC0002C,39,regular|vegan|vegetarian,PENDING_MANUAL_REVIEW,"Abacaxi, polpa, congelada, Brasil",BRC0054C,0.69722,"Abacaxi, polpa, desidratada, Brasil",BRC0264C,0.67632,"Açaí, polpa (média de amostras), Brasil",BRC0003C,0.62826,"Açaí, polpa, Brasil",BRC0185C,0.62826,"Abacate, polpa,in natura, Brasil",BRC0001C,0.61538
"Biscoito, doce, maisena","Biscoito, doce, Maria, Brasil",BRC0028A,39,regular|vegetarian,PENDING_MANUAL_REVIEW,"Biscoito, doce, maisena (amido de milho), Brasil",BRC0200A,0.69778,"Biscoito, doce, amanteigado, Brasil",BRC0039A,0.65543,"Biscoito, doce, simples (média de diferentes tipos), Brasil",BRC0027A,0.64405,"Biscoito, doce, wafer (média de diferentes sabores), Brasil",BRC0049A,0.56958,"Biscoito, doce, amanteigado, coco, Brasil",BRC0033A,0.56824
Cream cheese (média de diferentes sabores),"Cream cheese, Brasil (média de diferentes sabores)",BRC0006G,39,regular|vegetarian,PENDING_MANUAL_REVIEW,"Cream cheese, light, Brasil",BRC0035N,0.60132,"Cream cheese, tradicional, Brasil",BRC0009G,0.6,"Cream cheese, com ervas finas, Brasil",BRC0007G,0.58,"Pão francês, c/ cream cheese",BRC0470A,0.48,"Patê (média de diferentes sabores), Brasil",BRC0032D,0.45625
"Iogurte, integral (média de diferentes sabores)","Iogurte, integral (média de diferentes sabores), Brasil",BRC0011G,39,regular|vegetarian,PENDING_MANUAL_REVIEW,"Iogurte, integral, ameixa, Brasil",BRC0012G,0.66968,"Iogurte, integral, coco, Brasil",BRC0013G,0.665,"Iogurte, integral, maçã, Brasil",BRC0014G,0.665,"Iogurte, integral, morango, Brasil",BRC0017G,0.66042,"Iogurte, integral, pêssego, Brasil",BRC0019G,0.66042
"Queijo, requeijão (média de diferentes amostras)","Queijo, requeijão (média de diferentes amostras), Brasil",BRC0066G,37,regular|vegetarian,PENDING_MANUAL_REVIEW,"Queijo, requeijão, Brasil",BRC0067G,1.0,"Queijo, requeijão, Brasil",BRC0068G,1.0,"Queijo, requeijão, light, Brasil",BRC0040N,0.76316,"Queijo, requeijão, c/ queijo cheddar, Brasil",BRC0137G,0.67447,"Queijo, requeijão, zero % gordura, Brasil",BRC0041N,0.61611
"Bebida, chá, preto, infusão 5%, s/ açúcar","Bebida, chá, preto, infusão 5%, c/ açúcar",BRC0049H,34,regular|vegan|vegetarian,PENDING_MANUAL_REVIEW,"Bebida, chá, preto, infusão 5%, s/ açúcar, Brasil",BRC0013H,1.0,"Bebida, chá, mate, infusão 5%, c/ açúcar",BRC0055H,0.8122,"Bebida, chá, mate, infusão 5%, s/ açúcar, Brasil",BRC0011H,0.8122,"Bebida, chá, erva-doce, infusão 5%, c/ açúcar",BRC0053H,0.75268,"Bebida, chá, erva-doce, infusão 5%, s/ açúcar",BRC0021H,0.75268
"Queijo, ricota","Queijo, ricota, Brasil",BRC0051G,34,regular|vegetarian,PENDING_MANUAL_REVIEW,"Queijo, ricota, light, Brasil",BRC0075N,0.74687,"Queijo, coalho, Brasil",BRC0048G,0.57308,"Queijo, prato, Brasil (média de diferentes amostras)",BRC0064G,0.546,"Queijo, tilsit",BRC0071G,0.53077,"Queijo, requeijão (média de diferentes amostras), Brasil",BRC0066G,0.52931
"Salada, folhas e vegetais, c/ óleo de soja e c/ sal","Salada, folhas e vegetais, c/ óleo de soja, c/ sal",BRC0404B,33,regular|vegan|vegetarian,PENDING_MANUAL_REVIEW,"Salada, folhas e vegetais, c/ óleo de soja, s/ sal",BRC0405B,0.9859,"Salada, folhas e vegetais, s/ óleo e s/ sal",BRC0453B,0.89905,"Salada, vegetais crus, c/ óleo de soja, c/ sal",BRC0617B,0.78375,"Salada, vegetais crus, c/ óleo de soja, c/ sal",BRC0408B,0.78375,"Salada, vegetais crus, c/ óleo de soja, c/ sal",BRC0426B,0.78375
"Soja, grão, cozido, drenado, c/ sal","Soja, grão, cozido, drenado, s/ óleo, c/ sal",BRC0148T,33,vegan|vegetarian,PENDING_MANUAL_REVIEW,"Soja, grão, cozido, drenado, s/ óleo, s/ sal, Brasil",BRC0147T,0.87992,"Soja, grão, cozido, drenado, c/ azeite de oliva, c/ sal",BRC0212T,0.76781,"Soja, grão, cozido, drenado, c/ azeite de oliva, s/ sal",BRC0213T,0.76781,"Milho, verde, grão, cozido, drenado, c/ sal, Brasil",BRC0177A,0.69365,"Milho, verde, grão, cozido, drenado, s/ sal, Brasil",BRC0176A,0.69365
"Couve, crua","Couve-flor, crua, Brasil",BRC0024B,32,regular|vegan|vegetarian,PENDING_MANUAL_REVIEW,"Couve, manteiga, crua, Brasil",BRC0023B,0.51447,"Farofa, couve, c/ sal",BRC0792B,0.4119,"Farofa, couve, s/ sal",BRC0793B,0.4119,"Salada, couve crua, s/ óleo, s/ sal",BRC0521B,0.32404,"Arroz com couve, c/ arroz polido, c/ sal",BRC0549A,0.27917
Feijoada vegetariana,"Feijoada vegetariana, c/ sal, Brasil",BRC0172T,32,vegan,PENDING_MANUAL_REVIEW,"Feijoada, c/ sal",BRC0198T,0.49375,"Feijoada, s/ sal",BRC0064T,0.49375,"Pizza, vegetariana, caseira",BRC0687A,0.45472,Feijoada de frutos do mar,BRC0364E,0.45096,"Lasanha, vegetariana, light, caseira",BRC0089N,0.38057
"Tomate, molho, industrializado","Tomate, molho, industrializado, Brasil",BRC0100B,32,regular|vegan|vegetarian,PENDING_MANUAL_REVIEW,"Tomate, purê, industrializado, Brasil",BRC0099B,0.685,"Tomate, extrato, industrializado, Brasil",BRC0098B,0.68017,"Maionese, molho, c/ ovos, industrializado, Brasil",BRC0031D,0.61651,"Coco, leite, industrializado, Brasil",BRC0175C,0.47704,"Pão, de queijo, industrializado, cru, Brasil",BRC0094B,0.47704
"Leite, vaca, semidesnatado, UHT","Leite, vaca, semidesnatado, UHT, Brasil",BRC0046G,31,regular|vegetarian,PENDING_MANUAL_REVIEW,"Leite, vaca, desnatado, UHT, Brasil",BRC0070G,0.77769,"Leite, vaca, integral, UHT (média de diferentes amostras), Brasil",BRC0044G,0.63667,"Leite, vaca, fluído, s/ lactose, semidesnatado",BRC0139N,0.61903,"Leite, vaca, fermentado, Brasil",BRC0031G,0.60653,"Leite, vaca, desnatado, em pó, Brasil",BRC0038G,0.60294
"Queijo, minas, padrão (média de diferentes amostras)","Queijo, minas, padrão (média de diferentes amostras), Brasil",BRC0056G,31,regular|vegetarian,PENDING_MANUAL_REVIEW,"Queijo, minas, padrão, Brasil",BRC0058G,1.0,"Queijo, minas, padrão, light, Brasil",BRC0039N,0.8125,"Queijo, minas, tipo parmesão, Brasil",BRC0060G,0.72,"Queijo, minas, padrão, zero % gordura, Brasil",BRC0038N,0.6798,"Queijo, Minas, frescal, Brasil",BRC0052G,0.61987
"Iogurte, frutas, diet","Torta de frutas, light",BRC0079N,30,regular|vegetarian,PENDING_MANUAL_REVIEW,"Iogurte, frutas, dietético (dado importado)",BRC0073N,0.51034,"Iogurte, integral, salada de frutas, Brasil",BRC0016G,0.49429,"Iogurte, grego, integral, c/ frutas (dado importado)",BRC0134G,0.44286,"Iogurte, natural (média de diferentes amostras), Brasil",BRC0020G,0.43603,"Iogurte, natural, Brasil",BRC0021G,0.43603
"Kiwi, in natura","Pitaia,in natura",BRC0225C,30,regular|vegan|vegetarian,PENDING_MANUAL_REVIEW,"Kiwi (quiuí),in natura, Brasil",BRC0061C,0.53929,"Creme de kiwi, c/ morango, iogurte integral, s/ açúcar",BRC0418N,0.17065,"Abiu,in natura, Brasil",BRC0069C,0.1375,Ameixa de queijo,BRC0213K,0.12941,"Agrião, cru, Brasil",BRC0008B,0.11
"Queijo, parmesão, ralado","Queijo, parmesão, ralado, Brasil",BRC0061G,30,vegetarian,PENDING_MANUAL_REVIEW,"Queijo, minas, tipo parmesão, Brasil",BRC0060G,0.60872,"Purê, batata, c/ queijo parmesão, c/ sal",BRC1034B,0.52358,"Purê, batata, c/ queijo parmesão, s/ sal",BRC1035B,0.52358,"Queijo, prato, Brasil (média de diferentes amostras)",BRC0064G,0.46838,"Pão, arepa, c/ fubá, c/ queijo parmesão",BRC0926A,0.46731
"Torrada, trigo, integral","Torrada, trigo, integral, c/ geleia",BRC0485A,30,regular|vegan|vegetarian,PENDING_MANUAL_REVIEW,"Torrada, trigo, integral, c/ manteiga",BRC0483A,0.7941,"Torrada, trigo, integral, c/ margarina",BRC0479A,0.78565,"Torrada, trigo, integral, c/ requeijão",BRC0481A,0.78565,"Torrada, trigo, integral, c/ cream cheese",BRC0487A,0.69456,"Macarrão, trigo, integral, cru, Brasil",BRC0228A,0.665
"Pistache, cru, s/ sal","Pistache, cru, s/ sal (dado importado)",BRC0015U,29,vegan|vegetarian,PENDING_MANUAL_REVIEW,"Tabule, c/ sal",BRC0961B,0.5,"Tabule, s/ sal",BRC0135B,0.5,"Tacacá, c/ sal",BRC0957B,0.5,"Tacacá, s/ sal",BRC0136B,0.5,"Acarajé, c/ sal",BRC0203T,0.48478
"Pão, de queijo, industrializado, assado","Pão, de queijo, industrializado, assado, Brasil",BRC0123B,29,regular|vegetarian,PENDING_MANUAL_REVIEW,"Pão, de queijo, industrializado, cru, Brasil",BRC0094B,0.82225,"Pão, de queijo, industrializado, massa congelada, crua, Brasil",BRC0124B,0.69433,"Pão de queijo, mistura p/, Brasil",BRC0045R,0.50283,"Pão de queijo, mistura p/, Brasil",BRC0080R,0.50283,"Pão de queijo, mistura p/, Brasil",BRC0081R,0.50283
"Manteiga, c/ sal","Manteiga, c/ sal, Brasil",BRC0007D,28,regular|vegetarian,PENDING_MANUAL_REVIEW,"Manteiga, s/ sal, Brasil",BRC0006D,1.0,"Tapioca, c/ manteiga, c/ sal",BRC0137B,0.7125,"Manteiga (média várias amostras, c/ e s/ sal), Brasil",BRC0004D,0.625,"Manteiga e margarina, c/ sal, Brasil",BRC0014D,0.59167,"Manteiga e margarina, s/ sal, Brasil",BRC0015D,0.59167
"Melancia, polpa, in natura","Melancia, polpa,in natura, Brasil",BRC0027C,28,regular|vegan|vegetarian,PENDING_MANUAL_REVIEW,"Melão, polpa,in natura, Brasil",BRC0028C,0.59,"Açaí, polpa (média de amostras), Brasil",BRC0003C,0.5625,"Açaí, polpa, Brasil",BRC0185C,0.5625,"Cacau, polpa,in natura, Brasil",BRC0071C,0.546,"Bacuri, polpa,in natura, Brasil",BRC0232C,0.53077
"Uva, in natura","Uva,in natura, Brasil",BRC0033C,28,regular|vegan|vegetarian,PENDING_MANUAL_REVIEW,"Uva, Rubi,in natura, Brasil",BRC0035C,0.525,"Geleia, uva, Brasil",BRC0022K,0.47885,"Mousse, uva",BRC0149K,0.47885,"Uva, var. Itália,in natura, Brasil",BRC0034C,0.34412,"Gelatina, uva, em pó, Brasil",BRC0029R,0.33333
"Avelã , crua, s/ sal","Acarajé, s/ sal",BRC0061T,27,vegan,PENDING_MANUAL_REVIEW,"Panelada, c/ sal",BRC0971F,0.56905,"Panelada, s/ sal",BRC0972F,0.56905,"Amêndoa, crua, s/ sal, Brasil",BRC0011U,0.535,"Avelã , crua, s/ sal (dado importado)",BRC0013U,0.525,"Barreado, c/ sal",BRC0922F,0.51667
"Bebida, chá, infusão, s/ açúcar (média de várias ervas)","Bebida, chá, infusão, c/ açúcar (média de várias ervas)",BRC0050H,27,regular|vegan|vegetarian,PENDING_MANUAL_REVIEW,"Bebida, chá, infusão, s/ açúcar (média de várias ervas), Brasil",BRC0015H,1.0,"Bebida, chá, camomila, infusão, c/ açúcar",BRC0058H,0.63909,"Bebida, chá, camomila, infusão, c/ açúcar",BRC0078H,0.63909,"Bebida, chá, mate, infusão 5%, c/ açúcar",BRC0055H,0.61786,"Bebida, chá, mate, infusão 5%, s/ açúcar, Brasil",BRC0011H,0.61786
"Pizza, muçarela, caseira","Pizza, Marguerita, caseira",BRC0685A,26,regular|vegetarian,PENDING_MANUAL_REVIEW,"Pizza, salame, caseira",BRC0680A,0.67024,"Pizza, Califórnia, caseira",BRC0690A,0.65543,"Pizza, atum, caseira",BRC0677A,0.6375,"Pizza, Napolitana, caseira",BRC0688A,0.63152,"Pizza, portuguesa, caseira",BRC0429A,0.63152
"Cereal matinal, milho","Cereal matinal, milho, Brasil",BRC0100A,25,regular|vegan|vegetarian,PENDING_MANUAL_REVIEW,"Cereal matinal, milho, c/ açúcar, Brasil",BRC0103A,0.80559,"Cereal matinal, Brasil",BRC0099A,0.75294,"Cereal matinal, milho, corn flakes, Brasil",BRC0102A,0.69308,"Cereal matinal, milho, corn flakes, Brasil",BRC0104A,0.69308,"Cereal matinal, milho/trigo/aveia, Brasil",BRC0105A,0.69308
"Macarrão, trigo, c/ vegetais, c/ sal","Macarrão, trigo, c/ vegetais,  s/ sal",BRC0597A,25,regular|vegan|vegetarian,PENDING_MANUAL_REVIEW,"Macarrão, trigo integral, c/ vegetais, c/ sal",BRC0598A,0.83143,"Macarrão, trigo integral, c/ vegetais, s/ sal",BRC0599A,0.83143,"Macarrão, farinha de trigo refinada, c/ vegetais, c/ sal, Brasil",BRC0596A,0.71831,"Macarrão, trigo, c/ queijo, c/ sal",BRC1203A,0.71423,"Sopa, macarrão, c/ vegetais, c/ sal",BRC1054A,0.70585
"Geleia, s/ açúcar (média de diferentes sabores)","Geleia, s/ açúcar, Brasil (média de diferentes sabores)",BRC0058N,24,vegan|vegetarian,PENDING_MANUAL_REVIEW,"Bebida láctea (média de diferentes sabores), Brasil",BRC0001G,0.48286,"Gelatina, em pó (média de diferentes sabores), Brasil",BRC0015R,0.475,"Cereais, barra (média de diferentes sabores), Brasil",BRC0082A,0.45667,"Açúcar, mascavo, Brasil",BRC0006K,0.42679,"Geleia, laranja, Brasil",BRC0020K,0.42679
"Laranja, in natura","Laranja, Baía,in natura, Brasil",BRC0018C,23,regular|vegan,PENDING_MANUAL_REVIEW,"Laranja, Lima,in natura, Brasil",BRC0019C,0.63026,"Laranja, Pera,in natura, Brasil",BRC0020C,0.63026,"Geleia, laranja, Brasil",BRC0020K,0.59167,"Laranja, Seleta,in natura, Brasil",BRC0021C,0.59167,"Laranja,in natura, Brasil (média diferentes variedades)",BRC0017C,0.533
"Berinjela, c/ casca, grelhada, s/ gordura, c/ sal","Berinjela, c/ casca, grelhada, s/ óleo, c/ sal",BRC0287B,22,vegan|vegetarian,PENDING_MANUAL_REVIEW,"Berinjela, c/ casca, grelhada, s/ óleo, s/ sal, Brasil",BRC0156B,0.77826,"Berinjela, c/ casca, cozida, drenada, s/ óleo, c/ sal",BRC0157B,0.56475,"Abobrinha, italiana, c/ casca, grelhada, s/ óleo, c/ sal",BRC0264B,0.54952,"Abobrinha, italiana, c/ casca, grelhada, s/ óleo, s/ sal, Brasil",BRC0263B,0.54952,"Berinjela, c/ casca, cozida, drenada, c/ óleo de soja, c/ sal",BRC0222B,0.535
"Pinhão, cozido, s/ sal","Pinhão, cozido, s/ sal, Brasil",BRC0007U,22,vegan|vegetarian,PENDING_MANUAL_REVIEW,"Aspargo, cozido, s/ óleo, c/ sal",BRC0922B,0.565,"Paçoca de pinhão, c/ sal",BRC0844F,0.54853,"Ovo, galinha, inteiro, cozido, c/ sal",BRC0023J,0.52447,"Entrevero de pinhão, c/ sal",BRC0487F,0.5223,"Pimentão, cozido, drenado, s/ óleo, c/ sal",BRC0466B,0.50918
"Nhoque (batata, ovo, farinha de trigo), cozido, s/ molho, c/ sal","Nhoque (batata, ovo, margarina e farinha de trigo), cozido, s/ molho, c/ sal",BRC0920B,21,vegetarian,PENDING_MANUAL_REVIEW,"Nhoque (batata, ovo, margarina e farinha de trigo), cozido, s/ molho, s/ sal",BRC0111B,0.84889,"Nhoque de batata, c/ molho de tomate, c/ sal",BRC0464B,0.52436,"Macarrão, farinha de trigo refinada, cozido, drenado, s/ óleo, c/ sal, Brasil",BRC0834A,0.50243,"Pão, batata, c/ farinha de trigo, caseiro",BRC0196A,0.47875,"Macarrão, farinha de trigo refinada, seco, cozido, drenado, s/ óleo, s/ sal, Brasil (média de diferentes amostras)",BRC0116A,0.47457
"Queijo, ricota, light","Queijo, ricota, light, Brasil",BRC0075N,21,regular|vegetarian,PENDING_MANUAL_REVIEW,"Queijo, ricota, Brasil",BRC0051G,0.74687,"Queijo, requeijão, light, Brasil",BRC0040N,0.65427,"Queijo, minas, frescal, light, Brasil",BRC0036N,0.57111,"Queijo, minas, frescal, light, Brasil",BRC0037N,0.57111,"Queijo, minas, padrão, light, Brasil",BRC0039N,0.555
"Bebida, chá, mate, infusão 5%, s/ açúcar","Bebida, chá, mate, infusão 5%, c/ açúcar",BRC0055H,20,regular|vegan|vegetarian,PENDING_MANUAL_REVIEW,"Bebida, chá, mate, infusão 5%, s/ açúcar, Brasil",BRC0011H,1.0,"Bebida, chá, preto, infusão 5%, c/ açúcar",BRC0049H,0.8122,"Bebida, chá, preto, infusão 5%, s/ açúcar, Brasil",BRC0013H,0.8122,"Bebida, chá, erva-doce, infusão 5%, c/ açúcar",BRC0053H,0.75951,"Bebida, chá, erva-doce, infusão 5%, s/ açúcar",BRC0021H,0.75951
"Margarina, c/ óleo interesterificado (65% lipídeos), s/ sal","Margarina, c/ óleo interesterificado (65% lipídeos), s/ sal, Brasil",BRC0013D,20,vegan,PENDING_MANUAL_REVIEW,"Margarina, c/ óleo interesterificado (65% lipídeos), c/ sal, Brasil",BRC0012D,1.0,"Margarina, c/ óleo hidrogenado (65% lipídeos), c/ sal, Brasil",BRC0010D,0.76143,"Margarina, c/ óleo hidrogenado (80% lipídeos), s/ sal, Brasil",BRC0011D,0.64056,"Margarina, c/ leite, c/ sal, Brasil",BRC0016D,0.44051,"Margarina, c/ leite, s/ sal, Brasil",BRC0017D,0.44051
"Pão, trigo, leite, industrializado (média de diferentes marcas)","Bolo, industrializado (média de diferentes sabores), Brasil",BRC0069A,17,vegetarian,PENDING_MANUAL_REVIEW,"Pão, de leite, c/ farinha de trigo refinada, industrializado (média de diferentes marcas), Brasil",BRC0147A,0.73541,"Coco, leite, industrializado, Brasil",BRC0175C,0.5625,"Pão, de queijo, industrializado, cru, Brasil",BRC0094B,0.52813,"Pão, de queijo, industrializado, assado, Brasil",BRC0123B,0.5159,"Pão, de queijo, industrializado, massa congelada, crua, Brasil",BRC0124B,0.48375
"Repolho, roxo, cru","Repolho, roxo, cru, Brasil",BRC0080B,17,regular|vegan|vegetarian,PENDING_MANUAL_REVIEW,"Repolho, branco, cru, Brasil",BRC0033B,0.57308,"Salada, repolho roxo cru, s/ óleo, s/ sal",BRC0631B,0.51,"Feijão, roxo, cru, Brasil",BRC0015T,0.48478,"Salada, repolho roxo cru, c/ óleo de soja, c/ sal",BRC0628B,0.44333,"Repolho, roxo, cozido, drenado, s/ óleo, c/ sal",BRC0928B,0.425
"Soja, extrato, bebida (média de diferentes sabores)","Soja, extrato, bebida (média de diferentes sabores), Brasil",BRC0042T,17,vegan,PENDING_MANUAL_REVIEW,"Soja, extrato, bebida, natural, Brasil",BRC0043T,0.71815,"Soja, extrato, bebida (tipo iogurte), c/ açúcar, Brasil (média de diferentes amostras)",BRC0182T,0.62172,"Soja, extrato, solúvel, em pó, Brasil",BRC0048T,0.502,"Bebida láctea (média de diferentes sabores), Brasil",BRC0001G,0.50083,"Soja, extrato, c/ suco de abacaxi, Brasil",BRC0045T,0.48846
"Biscoito, salgado, cream cracker","Biscoito, salgado, cream cracker, Brasil",BRC0201A,16,regular|vegetarian,PENDING_MANUAL_REVIEW,"Biscoito, salgado, cream cracker, integral, Brasil",BRC0059A,0.83826,"Biscoito, salgado, água, Brasil",BRC0056A,0.5898,"Biscoito, salgado (média diferentes marcas e tipos), Brasil",BRC0055A,0.53,"Biscoito, salgado, água e sal, Brasil",BRC0057A,0.49524,"Biscoito, salgado, água e sal, Brasil",BRC0058A,0.49524
"Chicória, crua","Chicória, crua, Brasil",BRC0071B,16,regular|vegan,PENDING_MANUAL_REVIEW,"Chicória do Pará (coentro bravo), cru, Brasil",BRC0716B,0.44333,"Almeirão (chicória amarga), cru, Brasil",BRC0011B,0.425,"Salada, chicória, s/ óleo, s/ sal",BRC0601B,0.3875,"Salada, chicória, c/ óleo de soja, c/ sal",BRC0598B,0.32784,"Chicória, cozida, drenada, s/ óleo, c/ sal",BRC0208B,0.31
"Mamão, polpa, in natura","Melão, polpa,in natura, Brasil",BRC0028C,16,vegan|vegetarian,PENDING_MANUAL_REVIEW,"Mamão, Papaia, polpa,in natura, Brasil",BRC0044C,0.71724,"Mamão, Formosa, polpa,in natura, Brasil",BRC0045C,0.70333,"Mamão, polpa,in natura, Brasil (média diferentes variedades)",BRC0024C,0.66667,"Açaí, polpa (média de amostras), Brasil",BRC0003C,0.56905,"Açaí, polpa, Brasil",BRC0185C,0.56905
"Pão, trigo, integral, caseiro","Pão, trigo, integral",BRC0149A,15,regular|vegan,PENDING_MANUAL_REVIEW,"Pão, trigo, integral, c/ chia, c/ macadâmia",BRC1089A,0.63517,"Pão, trigo, integral, c/ quinoa, c/ castanha do Brasil",BRC1088A,0.62833,"Pão, c/ farinha de trigo, vegano, caseiro",BRC1074A,0.62328,"Macarrão, trigo, integral, cru, Brasil",BRC0228A,0.56163,"Pão, batata, c/ farinha de trigo, caseiro",BRC0196A,0.54741
"Coco, leite",Arroz de leite,BRC0805A,14,vegan,PENDING_MANUAL_REVIEW,"Coco, leite, industrializado, Brasil",BRC0175C,0.60556,"Chocolate, ao leite, Brasil",BRC0047K,0.59,"Chocolate, ao leite, Brasil",BRC0049K,0.59,"Chocolate, ao leite, Brasil",BRC0050K,0.59,"Chocolate, ao leite, Brasil",BRC0051K,0.59
"Mingau, de amido de milho (maisena)","Mingau, de amido de milho (maisena), c/ banana",BRC0055G,14,regular|vegetarian,PENDING_MANUAL_REVIEW,"Mingau, de amido de milho (maisena), c/ açúcar*, Brasil",BRC0054G,0.84475,"Milho, amido, cru (maisena), Brasil",BRC0124A,0.72861,"Biscoito, doce, maisena (amido de milho), Brasil",BRC0200A,0.52331,"Mingau, de aveia",BRC0053G,0.37947,"Mingau, c/ tapioca, c/ açúcar",BRC0119G,0.37926
"Uva, passa, preta","Uva, passa, preta, Brasil",BRC0169C,13,vegan|vegetarian,PENDING_MANUAL_REVIEW,"Uva, passa, branca, Brasil",BRC0168C,0.65081,"Uva passa, s/ caroço (importada)",BRC0171C,0.55561,"Amora preta,in natura, Brasil",BRC0170C,0.45096,"Uva, passa, coberta, c/ chocolate, ao leite",BRC0197C,0.44792,"Uva, var. Itália,in natura, Brasil",BRC0034C,0.39345
"Carne, frango, peito, s/ pele, refogado (c/ óleo, cebola e alho), c/ sal","Carne, frango, peito, s/ pele, refogado (c/ óleo, cebola e alho), c/ sal, Brasil",BRC0235F,12,regular,PENDING_MANUAL_REVIEW,"Carne, frango, peito, s/ pele, refogado (c/ óleo, cebola e alho), s/ sal, Brasil",BRC0234F,1.0,"Carne, frango, asa, c/ pele, refogada (c/ óleo, cebola e alho), c/ sal",BRC0748F,0.79907,"Carne, frango, asa, c/ pele, refogada (c/ óleo, cebola e alho), s/ sal",BRC0747F,0.79907,"Carne, frango, peito, c/ batata, c/ óleo, cebola e alho, c/ sal",BRC0511F,0.7865,"Carne, frango, peito, refogada (c/ óleo, cebola e alho), c/ batata, s/ sal",BRC0824F,0.78125
"Chuchu, s/ casca, cozido, drenado, s/ óleo, c/ sal","Chuchu, s/ casca, cozido, drenado, s/ óleo, c/ sal, Brasil",BRC0154B,12,regular|vegetarian,PENDING_MANUAL_REVIEW,"Chuchu, s/ casca, cozido, drenado, c/ óleo de soja, c/ sal",BRC0230B,0.9,"Chuchu, s/ casca, cozido, drenado, c/ óleo de soja, s/ sal",BRC0229B,0.9,"Chuchu, s/ casca, cozido, drenado, s/ óleo, s/ sal, BrasiI",BRC0050B,0.88698,"Inhame, s/ casca, cozido, drenado, s/ óleo, c/ sal",BRC0343B,0.79504,"Inhame, s/ casca, cozido, drenado, s/ óleo, s/ sal, Brasil",BRC0342B,0.79504
"Queijo, prato","Queijo, tilsit",BRC0071G,12,regular|vegetarian,PENDING_MANUAL_REVIEW,"Queijo, prato, Brasil (média de diferentes amostras)",BRC0064G,1.0,"Queijo, coalho, Brasil",BRC0048G,0.546,"Queijo, ricota, Brasil",BRC0051G,0.546,"Queijo, requeijão (média de diferentes amostras), Brasil",BRC0066G,0.54286,"Queijo, requeijão, Brasil",BRC0067G,0.54286
"Abóbora, moranga, s/ casca, s/ semente, assada, s/ óleo, c/ sal","Abóbora, moranga, s/ casca, s/ semente, assada, s/ óleo, c/ sal, Brasil",BRC0355B,11,vegan|vegetarian,PENDING_MANUAL_REVIEW,"Abóbora, moranga, s/ casca, s/ semente, assada, s/ óleo, s/ sal, Brasil",BRC0354B,1.0,"Abóbora, moranga, s/ casca, s/ semente, cozida, drenada, s/ óleo, c/ sal",BRC0166B,0.78265,"Abóbora, moranga, s/ casca, s/ semente, cozida, drenada, s/ óleo, s/ sal, Brasil",BRC0165B,0.78265,"Abóbora, moranga, s/ casca, s/ semente, cozida, drenada, c/ óleo de soja, c/ sal",BRC0226B,0.72922,"Abóbora, moranga, s/ casca, s/ semente, cozida, drenada, c/ óleo de soja, s/ sal",BRC0225B,0.72922
"Almeirão, cru","Amendoim, grão, cru, Brasil",BRC0020T,11,vegan|vegetarian,PENDING_MANUAL_REVIEW,"Almeirão (chicória amarga), cru, Brasil",BRC0011B,0.425,"Salada, almeirão, cru, s/ óleo, s/ sal",BRC0662B,0.3875,Aletria doce,BRC0226K,0.33,"Salada, almeirão, cru, c/ óleo de soja, c/ sal",BRC0659B,0.32784,"Agrião, cru, Brasil",BRC0008B,0.31429
"Barra de cereal, diet","Barra de cereal, dietética (dado importado)",BRC0064N,11,vegan,PENDING_MANUAL_REVIEW,"Barra, cereal, salgada, caseira",BRC1165A,0.54667,"Gelatina, cereja, em pó, diet, Brasil",BRC0005N,0.4325,"Gelatina, cereja, em pó, diet, Brasil",BRC0006N,0.4325,"Goiabada, diet, Brasil",BRC0078N,0.40583,"Cereal matinal, Brasil",BRC0099A,0.39637
"Carne, boi, acém moída, cozida, c/ óleo, cebola e alho, c/ sal","Carne, boi, acém moída, cozida, c/ óleo, cebola e alho, s/ sal",BRC0355F,11,regular,PENDING_MANUAL_REVIEW,"Carne, boi, acém moída, cozida, c/ batata, c/ óleo, cebola e alho, c/ sal",BRC0358F,0.92311,"Carne, boi, acém moída, cozida, c/ batata, c/ óleo, cebola e alho, s/ sal",BRC0359F,0.92311,"Carne, boi, acém, s/ gordura, cozida, c/ óleo, cebola e alho, c/ sal",BRC0306F,0.88583,"Carne, boi, acém, s/ gordura, cozida, c/ óleo, cebola e alho, s/ sal",BRC0307F,0.88583,"Carne, boi, bucho, cozida, c/ óleo, cebola e alho, c/ sal",BRC0890F,0.81359
"Espinafre, folha, cru","Espinafre, folha, cru, Brasil",BRC0072B,11,vegan|vegetarian,PENDING_MANUAL_REVIEW,"Escarola, folha, crua, Brasil",BRC0169B,0.52931,"Coentro, folha, cru, Brasil",BRC0775B,0.50357,"Mostarda, folha, crua, Brasil",BRC0076B,0.49138,"Caruru, folha, crua, Brasil",BRC0069B,0.47593,"Taioba, folha, crua, Brasil",BRC0083B,0.47593
"Torrada, trigo, tradicional","Torrada, trigo, tradicional, c/ geleia",BRC0486A,11,regular|vegetarian,PENDING_MANUAL_REVIEW,"Torrada, trigo, tradicional, c/ manteiga",BRC0482A,0.8036,"Torrada, trigo, tradicional, c/ margarina",BRC0478A,0.79583,"Torrada, trigo, tradicional, c/ requeijão",BRC0480A,0.79583,"Torrada, trigo, tradicional, c/ cream cheese",BRC0484A,0.70651,"Torrada, trigo, tradicional, c/ ricota e temperos",BRC0489A,0.62941
"Mandioca, s/ casca, cozida, assada, s/ óleo, c/ sal","Mandioca (aipim, macaxeira), s/ casca, cozida, assada, s/ óleo, c/ sal",BRC0361B,10,vegan,PENDING_MANUAL_REVIEW,"Mandioca (aipim, macaxeira), s/ casca, cozida, assada, s/ óleo, s/ sal, Brasil",BRC0360B,0.78972,"Mandioca (aipim, macaxeira), s/ casca, cozida, drenada, s/ óleo, c/ sal",BRC0908B,0.66099,"Mandioca (aipim, macaxeira), s/ casca, cozida, drenada, s/ óleo, s/ sal, Brasil",BRC0053B,0.66099,"Cenoura, s/ casca, cozida, drenada, s/ óleo, c/ sal",BRC0913B,0.65608,"Cenoura, s/ casca, cozida, drenada, s/ óleo, s/ sal, Brasil",BRC0047B,0.65608
"Pimentão, refogado, c/ sal","Legumes refogados, c/ sal",BRC0719B,10,vegan,PENDING_MANUAL_REVIEW,"Pimentão, refogado (c/ óleo, cebola e alho), c/ sal",BRC0482B,0.57155,"Pimentão, refogado (c/ óleo, cebola e alho), s/ sal",BRC0481B,0.57155,"Pimentão, assado, s/ óleo, c/ sal",BRC0474B,0.57111,"Pimentão, assado, s/ óleo, s/ sal, Brasil",BRC0473B,0.57111,"Pimentão, amarelo, assado, s/ óleo c/ sal",BRC0476B,0.54434
"Rúcula, crua","Rúcula, crua, Brasil",BRC0081B,10,regular|vegan|vegetarian,PENDING_MANUAL_REVIEW,"Rúcula, cozida, s/ óleo, c/ sal, Brasil",BRC0952B,0.34821,"Salada, rúcula, s/ óleo, s/ sal",BRC0637B,0.34821,"Salada, rúcula, c/ óleo de soja, c/ sal",BRC0634B,0.29,"Acelga, crua, Brasil",BRC0007B,0.275,"Salada, rúcula, c/ azeite de oliva, c/ sal",BRC0633B,0.27333
"Bebida, café, infusão 8% - médio, s/ açúcar","Bebida, café, infusão 8% - médio, c/ açúcar",BRC0063H,9,vegetarian,PENDING_MANUAL_REVIEW,"Bebida, café, infusão 8% - médio, s/ açúcar, Brasil",BRC0062H,1.0,"Bebida, café, descafeinado, infusão 8% - médio, c/ açúcar",BRC0104H,0.84744,"Bebida, café, descafeinado, infusão 8% - médio, s/ açúcar",BRC0103H,0.84744,"Bebida, café - infusão 8% - média, c/ leite (meio a meio), ""média"", s/ açúcar",BRC0081H,0.74663,"Bebida, café - infusão 8% - média, c/ leite (meio a meio), c/ açúcar",BRC0082H,0.74663
"Caqui, in natura","Pitaia,in natura",BRC0225C,9,vegan,PENDING_MANUAL_REVIEW,"Caqui,  c/ casca,in natura, Brasil",BRC0012C,0.56875,"Abiu,in natura, Brasil",BRC0069C,0.24444,Ameixa de queijo,BRC0213K,0.24444,"Acelga, crua, Brasil",BRC0007B,0.2,"Agrião, cru, Brasil",BRC0008B,0.2
"Carne, boi, acém, moída, refogada (c/ óleo, cebola e alho), c/ sal","Carne, boi, acém moída, cozida, c/ óleo, cebola e alho, s/ sal",BRC0355F,9,regular,PENDING_MANUAL_REVIEW,"Carne, boi, acém moída, cozida, c/ batata, c/ óleo, cebola e alho, c/ sal",BRC0358F,0.81181,"Carne, boi, acém moída, cozida, c/ batata, c/ óleo, cebola e alho, s/ sal",BRC0359F,0.81181,"Carne, boi, fígado, refogada (c/ óleo, cebola e alho), c/ sal",BRC0757F,0.81127,"Carne, boi, fígado, refogada (c/ óleo, cebola e alho), s/ sal",BRC0756F,0.81127,"Carne, boi, língua, refogada, c/ óleo, cebola e alho, c/ sal",BRC0835F,0.81127
"Mandioca, farofa, temperada, c/ sal","Mandioca, farofa, temperada, c/ sal, Brasil",BRC0089B,9,vegan,PENDING_MANUAL_REVIEW,"Jaca, cozida, temperada, c/ sal",BRC0272C,0.55741,"Farofa molhada, c/ sal",BRC1043B,0.53106,"Farofa molhada, s/ sal",BRC1044B,0.53106,"Farofa, couve, c/ sal",BRC0792B,0.47333,"Farofa, couve, s/ sal",BRC0793B,0.47333
"Peixe, água doce, filé, grelhado/assado, s/ óleo, s/ sal (média de 7 espécies)","Peixe, água doce, filé, grelhado/assado, s/ óleo, c/ sal (média de 7 espécies)",BRC0104E,9,regular,PENDING_MANUAL_REVIEW,"Peixe, água doce, filé, grelhado/assado, s/ óleo, s/ sal (média de 7 espécies), Brasil",BRC0105E,1.0,"Peixe, água doce, filé, cozido, s/ óleo, c/ sal (média de 7 espécies)",BRC0103E,0.79718,"Peixe, água doce, filé, cozido, s/ óleo, s/ sal, Brasil (média de 7 espécies)",BRC0102E,0.79718,"Peixe, água doce, filé, frito (c/ óleo de soja), c/ sal (média de 7 espécies)",BRC0107E,0.74206,"Peixe, água doce, filé, frito (c/ óleo de soja), s/ sal (média de 7 espécies)",BRC0106E,0.74206
"Queijo, muçarela (média de diferentes amostras)","Queijo, prato, Brasil (média de diferentes amostras)",BRC0064G,9,regular|vegetarian,PENDING_MANUAL_REVIEW,"Crepe, c/ presunto, c/ queijo muçarela",BRC0438A,0.59167,"Pão, arepa, c/ fubá, c/ queijo muçarela",BRC0928A,0.54667,"Queijo, coalho, Brasil",BRC0048G,0.54286,"Espeto de pão de alho, c/ queijo muçarela",BRC0955A,0.5387,"Tapioca, c/ queijo coalho e muçarela",BRC0841B,0.53106
"Queijo, pasteurizado (média de diferentes amostras)","Queijo, pasteurizado (média de diferentes amostras), Brasil",BRC0062G,9,vegetarian,PENDING_MANUAL_REVIEW,"Queijo, pasteurizado, Brasil",BRC0063G,1.0,"Queijo, prato, Brasil (média de diferentes amostras)",BRC0064G,0.54032,"Queijo, fundido, Brasil",BRC0049G,0.51667,"Queijo, ricota, Brasil",BRC0051G,0.49375,"Queijo, parmesão, ralado, Brasil",BRC0061G,0.48811
"Arroz, creme, cozido, s/ tempero","Arroz, creme, cozido, s/ tempero, Brasil",BRC0012A,8,vegan,PENDING_MANUAL_REVIEW,"Arroz, creme, pó, cru, Brasil",BRC0792A,0.5375,"Arroz, integral, cozido, s/ sal, s/ óleo, Brasil",BRC0016A,0.4625,"Arroz selvagem, cozido, s/ óleo, s/ sal (dado importado)",BRC0994A,0.42535,"Arroz selvagem, cozido, c/ óleo, cebola e alho, c/ sal",BRC0995A,0.38857,"Arroz selvagem, cozido, c/ óleo, cebola e alho, s/ sal",BRC0996A,0.38857
"Batata, inglesa, sauté (c/ margarina e salsa), c/ sal","Batata, inglesa, sauté (c/ margarina e salsa), s/ sal",BRC0103B,8,regular|vegetarian,PENDING_MANUAL_REVIEW,"Batata inglesa, sauté (c/ margarina e salsa), c/ sal, Brasil",BRC0170B,1.0,"Batata, doce, s/ casca, sauté (c/ margarina e salsa), c/ sal",BRC0301B,0.78046,"Batata, doce, s/ casca, sauté (c/ margarina e salsa), s/ sal",BRC0300B,0.78046,"Purê, batata inglesa, c/ margarina e sal, Brasil",BRC0323B,0.70982,"Cenoura, s/ casca, sauté (c/ margarina e salsa), c/ sal",BRC0337B,0.6741
"Bebida, infusão, hortelã rasteira, planta, folha, s/ açúcar","Bebida, chá, infusão, cidreira, planta, folha, c/ açúcar",BRC0052H,8,vegetarian,PENDING_MANUAL_REVIEW,"Bebida, chá, infusão, capim-santo (capim-cidreira, capim-limão), planta, folha, c/ açúcar",BRC0051H,0.53984,"Bebida, café - infusão 8% - média, c/ leite (meio a meio), ""média"", s/ açúcar",BRC0081H,0.45852,"Bebida, café - infusão 8% - média, c/ leite (meio a meio), c/ açúcar",BRC0082H,0.45852,"Bebida, café, infusão 10%, c/ açúcar",BRC0042H,0.4525,"Bebida, café, infusão 10%, s/ açúcar, Brasil",BRC0007H,0.4525
"Biscoito, salgado, cream cracker , integral","Biscoito, salgado, cream cracker, integral, Brasil",BRC0059A,8,vegetarian,PENDING_MANUAL_REVIEW,"Biscoito, salgado, cream cracker, Brasil",BRC0060A,0.83826,"Biscoito, salgado, cream cracker, Brasil",BRC0061A,0.83826,"Biscoito, salgado, cream cracker, Brasil",BRC0201A,0.83826,"Biscoito, salgado, água, Brasil",BRC0056A,0.49833,"Biscoito, salgado, água e sal, Brasil",BRC0057A,0.4625
"Cebolinha, verde, crua","Cebolinha, verde, crua, Brasil",BRC0019B,8,vegan,PENDING_MANUAL_REVIEW,"Cebolinha, verde, cozida, s/ óleo, c/ sal",BRC0921B,0.5387,"Cebolinha, verde, cozida, s/ óleo, s/ sal, Brasil",BRC0084B,0.5387,"Cheiro verde (50% cebolinha verde, 50% salsa), cru, Brasil",BRC0021B,0.48,"Pimentão, verde, cru, Brasil",BRC0037B,0.45345,"Caldo verde, c/ sal",BRC0681B,0.40583
"Cereais, barra (média de diferentes sabores)","Cereais, barra (média de diferentes sabores), Brasil",BRC0082A,8,regular|vegan|vegetarian,PENDING_MANUAL_REVIEW,"Cereais, barra, banana, Brasil",BRC0083A,0.62744,"Cereais, farinha, p/ crianças (média de diferentes sabores), Brasil",BRC0087A,0.55,"Cereais, barra, coco c/ chocolate, Brasil",BRC0085A,0.53918,"Cereais, mistura p/ mingau (média de diferentes sabores), Brasil",BRC0093A,0.52358,"Cereais, barra, frutas e castanha do Brasil, Brasil",BRC0086A,0.50962
"Presunto, porco, cozido, s/ capa de gordura","Presunto, porco, cozido, s/ capa de gordura, Brasil",BRC0248F,8,regular,PENDING_MANUAL_REVIEW,"Presunto, porco, cozido, c/ capa de gordura (média de diferentes amostras), Brasil",BRC0247F,1.0,"Presunto, c/ capa de gordura, fatiado, cozido, Brasil",BRC0200F,0.63,"Presunto, s/ capa de gordura, cozido, fatiado, Brasil",BRC0203F,0.63,"Presunto, porco, cozido, p/ lanche, Brasil (média de várias amostras)",BRC0199F,0.55607,"Presunto, cozido, Brasil",BRC0201F,0.51673
"Soja, extrato, solúvel, em pó","Soja, extrato, solúvel, em pó, Brasil",BRC0048T,8,vegan,PENDING_MANUAL_REVIEW,"Soja, extrato, c/ suco de maçã, Brasil",BRC0044T,0.54111,"Soja, extrato, c/ suco de morango, Brasil",BRC0047T,0.53958,"Soja, extrato, c/ suco de abacaxi, Brasil",BRC0045T,0.51667,"Soja, extrato, c/ suco de maracujá, Brasil",BRC0046T,0.50918,"Soja, extrato, bebida (média de diferentes sabores), Brasil",BRC0042T,0.502
"Biscoito, doce, simples (média de diferentes tipos)","Biscoito, doce, simples (média de diferentes tipos), Brasil",BRC0027A,7,regular|vegan|vegetarian,PENDING_MANUAL_REVIEW,"Biscoito, doce, Maria, Brasil",BRC0028A,0.6375,"Biscoito, doce, amanteigado, Brasil",BRC0039A,0.5837,"Biscoito, doce, wafer (média de diferentes sabores), Brasil",BRC0049A,0.56958,"Biscoito, doce, amanteigado, leite, Brasil",BRC0036A,0.53962,"Biscoito, doce, amanteigado, leite, Brasil",BRC0037A,0.53962
"Leite, vaca, c/ chocolate","Leite, vaca, c/ chocolate, em pó, Brasil",BRC0035G,7,vegan|vegetarian,PENDING_MANUAL_REVIEW,"Leite, vaca, c/ chocolate, fluido, Brasil",BRC0033G,0.80559,"Leite, vaca, c/ chocolate, fluído, Brasil",BRC0034G,0.80559,"Leite, vaca, desnatado, c/chocolate, Brasil",BRC0037G,0.7775,"Chocolate, ao leite, Brasil",BRC0047K,0.58286,"Chocolate, ao leite, Brasil",BRC0049K,0.58286
"Milho, verde, grão, cozido, drenado, c/ sal","Milho, verde, grão, cozido, drenado, c/ sal, Brasil",BRC0177A,7,vegan,PENDING_MANUAL_REVIEW,"Milho, verde, grão, cozido, drenado, s/ sal, Brasil",BRC0176A,1.0,"Milho, verde, grão, cozido, drenado, c/ manteiga, c/ sal",BRC0175A,0.87306,"Milho, verde, grão, cozido, drenado, c/ manteiga, s/ sal",BRC0174A,0.87306,"Milho, verde, grão, cozido no vapor, Brasil",BRC0138A,0.6847,"Milho, verde, grão, assado, c/ sal, Brasil",BRC0181A,0.68295
"Suco natural, laranja, mamão, pera e maçã, s/ açúcar","Suco natural, laranja, mamão, pera e maçã, c/ açúcar",BRC0130C,7,regular|vegetarian,PENDING_MANUAL_REVIEW,"Suco natural, laranja e maçã, c/ açúcar",BRC0207C,0.81092,"Suco natural, laranja e mamão, c/ açúcar",BRC0128C,0.79125,"Suco natural, laranja e mamão, s/ açúcar",BRC0127C,0.79125,"Suco natural, laranja var. Pera, mamão, pera e maçã, s/ açúcar (sem diluição em água), Brasil",BRC0129C,0.76533,"Suco natural, laranja e banana, c/ açúcar",BRC0154C,0.68457
"Manga, polpa, in natura","Melancia, polpa,in natura, Brasil",BRC0027C,6,vegan|vegetarian,PENDING_MANUAL_REVIEW,"Manga, Haden, polpa,in natura, Brasil",BRC0046C,0.73214,"Manga, Palmer, polpa,in natura, Brasil",BRC0047C,0.71724,"Manga, polpa,in natura, Brasil (média diferentes variedades)",BRC0025C,0.66667,"Manga, Tommy Atkins, polpa,in natura, Brasil",BRC0048C,0.57071,"Açaí, polpa (média de amostras), Brasil",BRC0003C,0.56905
"Canela, em pó","Chantily, em pó, Brasil",BRC0009R,4,vegan,PENDING_MANUAL_REVIEW,"Chantily, em pó,  Brasil",BRC0008R,0.535,"Canela, em pó (dado importado)",BRC0778B,0.525,"Guaraná, em pó, Brasil",BRC0049L,0.49737,"Chocolate, pó, Brasil",BRC0011K,0.46429,"Café, torrado, em pó, Brasil",BRC0001L,0.43333
"Canjica, milho, branca, cozida, drenada","Canjica, milho, branca, cozida, drenada, s/ açúcar, Brasil",BRC0185A,4,vegan,PENDING_MANUAL_REVIEW,"Canjica, milho, branca, crua, Brasil",BRC0126A,0.67,"Canjica, milho, branca, cozida, c/ leite integral e açúcar",BRC0184A,0.6093,"Cebola, branca, cozida, drenado, s/ óleo, s/ sal, Brasil",BRC0114B,0.46667,"Alcachofra, cozida, drenada, s/ óleo, c/ sal",BRC0915B,0.46322,"Linguiça, calabresa, cozida, drenada, s/ óleo, c/ sal, Brasil",BRC0896F,0.44286
"Cogumelo, Paris, cozido, drenado, s/ óleo, c/ sal","Cogumelo, Paris, cozido, drenado, s/ óleo, c/ sal (dado importado)",BRC0701B,4,vegan,PENDING_MANUAL_REVIEW,"Cogumelo, cozido, s/ óleo, s/ sal (média de diferentes tipos), Brasil",BRC1143B,0.72581,"Agrião, cozido, drenado, s/ óleo, c/ sal",BRC0914B,0.69391,"Agrião, cozido, drenado, s/ óleo, s/ sal, Brasil",BRC0162B,0.69391,"Caruru, cozido, drenado, s/ óleo, c/ sal",BRC0246B,0.69391,"Caruru, cozido, drenado, s/ óleo, s/ sal, Brasil",BRC0245B,0.69391
"Ervilha, enlatada, drenada","Ervilha, enlatada, drenada, Brasil",BRC0023T,4,vegetarian,PENDING_MANUAL_REVIEW,"Legumes, seleta, enlatada, drenada, Brasil",BRC0095B,0.58,"Ervilha, grão, fresca, cozida, drenada, s/ óleo, c/ sal",BRC0072T,0.44086,"Ervilha, grão, fresca, cozida, drenada, s/ óleo, s/ sal, Brasil",BRC0071T,0.44086,"Ervilha, em vagem, fresca, cozida, drenada, s/ óleo, c/ sal",BRC0076T,0.43603,"Ervilha, em vagem, fresca, cozida, drenada, s/ óleo, s/ sal, Brasil",BRC0075T,0.43603
"Leite, vaca, integral, em pó","Leite, vaca, integral, em pó, Brasil",BRC0041G,4,regular|vegetarian,PENDING_MANUAL_REVIEW,"Leite, vaca, integral, em pó (média de várias amostras), Brasil",BRC0039G,0.83451,"Leite, vaca, integral, instantâneo, em pó, Brasil",BRC0040G,0.79214,"Leite, cabra, integral, em pó, Brasil",BRC0143G,0.75889,"Leite, vaca, integral, UHT (média de diferentes amostras), Brasil",BRC0044G,0.75889,"Leite, vaca, integral, orgânico, Brasil",BRC0045G,0.732
"Suco, clorofila","Suco, clorofila, s/ açúcar, Brasil",BRC0198C,4,vegan,PENDING_MANUAL_REVIEW,"Suco, néctar, manga, Brasil",BRC0223C,0.39637,"Suco, manga, concentrado, Brasil",BRC0257C,0.3875,"Suco, néctar (média de sabores), Brasil",BRC0256C,0.37917,"Suco natural, acerola, c/ açúcar",BRC0150C,0.35829,"Suco natural, acerola, s/ açúcar",BRC0149C,0.35829
"Bebida, infusão, erva-mate, chimarrão, (70g de matéria seca - 30% de ramos e 70% de folhas - em 1 L de água)","Bebida, infusão, erva-mate, chimarrão, (70g de matéria seca - 30% de ramos e 70% de folhas - em 1 L de água),",BRC0022H,3,vegan,PENDING_MANUAL_REVIEW,"Bebida, chá, infusão, cidreira, planta, folha, c/ açúcar",BRC0052H,0.31786,"Bebida, chá, infusão, capim-santo (capim-cidreira, capim-limão), planta, folha, c/ açúcar",BRC0051H,0.30902,"Sopa, carne, c/ macarrão e legumes, desidratada, preparada c/ água",BRC0846A,0.28179,"Bebida, capuccino (leite, café e achocolatado em pó), c/ açúcar",BRC0047H,0.28076,"Bebida, capuccino (leite, café e achocolatado em pó), s/ açúcar",BRC0045H,0.28076
"Cacau, in natura","Pitaia,in natura",BRC0225C,3,vegan,PENDING_MANUAL_REVIEW,"Cacau, polpa,in natura, Brasil",BRC0071C,0.56875,"Manteiga, cacau, Brasil",BRC0018D,0.51447,"Calda de cacau, vegano",BRC0211K,0.38913,"Granola, cacau, caseira",BRC0959A,0.36154,"Acelga, crua, Brasil",BRC0007B,0.3
"Melado, cana","Melado, cana, Brasil",BRC0029K,3,vegan,PENDING_MANUAL_REVIEW,"Ameixa, c/ casca,in natura, Brasil",BRC0005C,0.33478,"Mousse, chocolate, c/ melado",BRC0242T,0.30662,"Alichela, caseira",BRC0539E,0.28519,"Abacaxi, polpa, grelhado, c/ canela",BRC0218C,0.275,"Ameixa, em calda, enlatada, Brasil",BRC0186C,0.275
"Trigo para quibe, cozido, s/ sal","Tabule, c/ trigo para quibe, c/ sal",BRC0826B,3,vegan,PENDING_MANUAL_REVIEW,"Tabule, c/ trigo para quibe, s/ sal",BRC0827B,0.645,"Trigo para quibe (kibe), cozido, s/ óleo, s/ sal (dado importado)",BRC0405A,0.57572,"Quibe, bovino, cru, c/ sal",BRC0921F,0.55632,"Pinhão, cozido, s/ sal, Brasil",BRC0007U,0.54667,"Macarrão, trigo, integral, cozido, drenado, s/ sal, Brasil",BRC0229A,0.51942
"Abobrinha, italiana, c/ casca, crua","Abobrinha, italiana, c/ casca, crua, Brasil",BRC0006B,2,regular,PENDING_MANUAL_REVIEW,"Abobrinha, italiana, c/ casca, grelhada, s/ óleo, c/ sal",BRC0264B,0.625,"Abobrinha, italiana, c/ casca, grelhada, s/ óleo, s/ sal, Brasil",BRC0263B,0.625,"Abobrinha, italiana, c/ casca, cozida, drenada, s/ óleo, c/ sal",BRC0152B,0.55952,"Abobrinha, italiana, c/ casca, cozida, drenada, s/ óleo, s/ sal, Brasil",BRC0040B,0.55952,"Abobrinha, italiana, c/ casca, cozida, drenada, c/ óleo de soja, c/ sal",BRC0232B,0.51161
"Alho, refogado c/ óleo de soja, s/ sal","Alho, refogado (c/ óleo de soja), s/ sal, Brasil",BRC0113B,2,vegan,PENDING_MANUAL_REVIEW,"Cebola e alho, refogados, c/ óleo de soja, s/ sal, Brasil",BRC0108B,0.68906,"Cogumelo, refogado (c/ óleo de soja), cebola e alho, c/ sal (média de diferentes tipos)",BRC1145B,0.66319,"Tomate, refogado (c/ óleo de soja, cebola e alho), c/ sal",BRC0969B,0.65839,"Tomate, refogado (c/ óleo de soja, cebola e alho), s/ sal",BRC0970B,0.65839,"Catalonha, refogado (c/ óleo, cebola e alho), s/ sal",BRC0106B,0.61324
"Carne, boi, seca, cozida, s/ óleo","Carne, boi, seca, cozida, s/ óleo, Brasil",BRC0085F,2,regular,PENDING_MANUAL_REVIEW,"Carne, boi, costela, cozida, c/ óleo, c/ sal",BRC0869F,0.72324,"Carne, boi, acém, cozida, s/ óleo, c/ sal",BRC0650F,0.70893,"Carne, boi, bucho, cozida, s/ óleo, c/ sal",BRC0889F,0.701,"Carne, boi, língua, cozida, s/ óleo, c/ sal",BRC0834F,0.69335,"Carne, boi, lagarto, cozida, s/ óleo, c/ sal",BRC0625F,0.68596
"Catchup, tomate, molho","Catchup, tomate, molho (dado importado)",BRC0030L,2,vegan,PENDING_MANUAL_REVIEW,"Tomate, molho, industrializado, Brasil",BRC0100B,0.5,"Molho tomate (molho ao sugo), artesanal, c/ sal, Brasil",BRC0389B,0.42018,"Molho tomate (molho ao sugo), artesanal, s/ sal, Brasil",BRC1192B,0.42018,"Nhoque de batata, c/ molho de tomate, c/ sal",BRC0464B,0.414,"Tomate, cru, Brasil",BRC0035B,0.40385
"Mandioca, farinha, crua","Mandioca, farinha, crua, Brasil",BRC0087B,2,regular,PENDING_MANUAL_REVIEW,"Mandioca, farinha, fermentada, puba, crua, Brasil",BRC0092B,0.59167,"Aveia, farinha, crua, Brasil",BRC0022A,0.56724,"Linhaça, farinha (média de diferentes tipos), Brasil",BRC0037U,0.54032,"Arroz,  farinha, Brasil",BRC0015A,0.52931,"Cereais, farinha, Brasil",BRC0091A,0.50484
"Peixe, água salgada, atum, sólido, conserva, light","Peixe, água salgada, atum, sólido, conserva, light, Brasil",BRC0053N,2,regular,PENDING_MANUAL_REVIEW,"Peixe, água salgada, atum, sólido, conserva em óleo, Brasil",BRC0039E,0.84424,"Peixe, água salgada, atum, ralado, conserva em óleo, Brasil",BRC0038E,0.71966,"Peixe, água salgada, atum, conserva em óleo (média sólido ou ralado), Brasil",BRC0352E,0.65889,"Peixe, água salgada, atum, cru, Brasil",BRC0042E,0.6292,"Peixe, água salgada, atum, conserva em óleo (média de diferentes marcas, sólido e ralado)",BRC0040E,0.61212
"Peixe, água salgada, sardinha, filé, conserva, em óleo","Peixe, água salgada, sardinha, filé, conserva, em óleo, Brasil",BRC0073E,2,regular,PENDING_MANUAL_REVIEW,"Peixe, água salgada, sardinha, filé, crua, Brasil",BRC0070E,0.77271,"Peixe, água salgada, sardinha, filé, conserva, c/ molho de tomate temperado, Brasil",BRC0072E,0.73,"Peixe, água salgada, sardinha, filé, cozido, drenado, s/ óleo, c/ sal",BRC0207E,0.72294,"Peixe, água salgada, sardinha, filé, cozido, drenado, s/ óleo, s/ sal, Brasil",BRC0206E,0.72294,"Peixe, água salgada, sardinha, conserva, c/ molho de tomate, Brasil",BRC0071E,0.71316
"Rabanete, c/ casca, cru","Rabanete, c/ casca, cru, Brasil",BRC0079B,2,vegetarian,PENDING_MANUAL_REVIEW,"Beterraba, s/ casca, crua, Brasil",BRC0015B,0.52931,"Carambola, c/ casca,in natura, Brasil",BRC0055C,0.52931,"Mangaba, c/ casca,in natura, Brasil",BRC0288C,0.51667,"Nabo, c/ casca, cru, Brasil",BRC0077B,0.51667,"Ameixa, c/ casca,in natura, Brasil",BRC0005C,0.48846
"Sanduíche, queijo quente, pão francês, c/ queijo muçarela e manteiga","Sanduíche, queijo quente, pão francês, c/ queijo muçarela, c/ manteiga",BRC0280A,2,regular,PENDING_MANUAL_REVIEW,"Sanduíche, queijo quente, pão francês, c/ queijo muçarela e margarina",BRC0273A,0.8604,"Sanduíche, queijo quente, pão francês, c/ queijo muçarela, c/ maionese",BRC0279A,0.80492,"Sanduíche, queijo quente, pão branco tradicional, c/ queijo muçarela e manteiga",BRC0275A,0.79574,"Sanduíche, queijo quente, pão francês, c/ queijo prato, c/ manteiga",BRC0290A,0.78992,"Sanduíche, misto quente, pão francês, c/ presunto, queijo muçarela, c/ manteiga",BRC0265A,0.78885
"Tapioca, c/ leite condensado e coco","Tapioca*, c/ leite condensado** e coco, Brasil",BRC0839B,2,vegetarian,PENDING_MANUAL_REVIEW,"Cuscuz de tapioca, c/ coco e leite de coco",BRC0997B,0.61429,"Arroz doce, c/ leite condensado e canela",BRC0914A,0.56278,"Arroz doce, c/ leite condensado e canela",BRC0897A,0.56278,"Bombom, leite em pó, leite condensado, caseiro",BRC0145K,0.46884,"Pizza, doce, banana, c/ leite condensado, caseira",BRC0691A,0.46164
"Achocolatado, pó (média diferentes amostras)","Achocolatado, em pó (média diferentes amostras), Brasil",BRC0001K,1,vegetarian,PENDING_MANUAL_REVIEW,"Achocolatado, em pó, Brasil",BRC0002K,1.0,"Achocolatado, em pó, Brasil",BRC0003K,1.0,"Achocolatado, em pó, sem adição de açúcar",BRC0101N,0.6,"Chocolate, pó, Brasil",BRC0011K,0.59815,"Flan, chocolate, em pó, Brasil",BRC0012R,0.525
"Azeitona, verde, conserva, drenada","Azeitona, verde, conserva, drenada, Brasil",BRC0121B,1,vegetarian,PENDING_MANUAL_REVIEW,"Azeitona, preta, conserva, drenada, Brasil",BRC0120B,0.74903,"Palmito, Juçara, conserva, drenado, Brasil",BRC0996B,0.45461,"Palmito, Pupunha, conserva, drenado, Brasil",BRC0995B,0.44841,"Alcaparra, conserva, drenada (dado importado)",BRC0703B,0.43413,"Grão-de-bico, conserva, drenado, Brasil",BRC0031T,0.43095
"Beringela, c/ casca, cozida, drenada, s/ óleo, c/ sal","Berinjela, c/ casca, cozida, drenada, s/ óleo, c/ sal",BRC0157B,1,vegetarian,PENDING_MANUAL_REVIEW,"Beterraba, s/ casca, cozida, drenada, s/ óleo, s/ sal, Brasil",BRC0044B,0.80092,"Cenoura, s/ casca, cozida, drenada, s/ óleo, c/ sal",BRC0913B,0.79906,"Cenoura, s/ casca, cozida, drenada, s/ óleo, s/ sal, Brasil",BRC0047B,0.79906,"Berinjela, c/ casca, cozida, drenada, c/ óleo de soja, c/ sal",BRC0222B,0.78486,"Berinjela, c/ casca, cozida, drenada, c/ óleo de soja, s/ sal",BRC0221B,0.78486
"Espinafre, folha, cozida, drenado, s/ óleo, c/ sal","Espinafre, folha, cozida, drenado, s/ óleo, c/ sal, Brasil",BRC0146B,1,vegetarian,PENDING_MANUAL_REVIEW,"Espinafre, cozido, drenado, s/ óleo, s/ sal, Brasil",BRC0073B,0.74603,"Mostarda, folha, cozida, drenada, s/ óleo, c/ sal",BRC0242B,0.68214,"Mostarda, folha, cozida, drenada, s/ óleo, s/ sal, Brasil",BRC0241B,0.68214,"Taioba, folha, cozida, drenada, s/ óleo, c/ sal",BRC0238B,0.67967,"Taioba, folha, cozida, drenada, s/ óleo, s/ sal, Brasil",BRC0237B,0.67967
"Leite, vaca, desnatado, em pó","Leite, vaca, desnatado, em pó, Brasil",BRC0038G,1,regular,PENDING_MANUAL_REVIEW,"Leite, vaca, desnatado, UHT, Brasil",BRC0070G,0.76149,"Leite, vaca, desnatado, fluído (média de diferentes amostras), Brasil",BRC0036G,0.754,"Leite, vaca, desnatado, c/chocolate, Brasil",BRC0037G,0.7266,"Leite, vaca, c/ café, em pó, Brasil",BRC0032G,0.67244,"Leite, vaca, integral, em pó, Brasil",BRC0041G,0.66111
"Nabo, c/ casca, cru","Nabo, c/ casca, cru, Brasil",BRC0077B,1,regular,PENDING_MANUAL_REVIEW,"Mangaba, c/ casca,in natura, Brasil",BRC0288C,0.58043,"Pepino, c/ casca, cru, Brasil",BRC0030B,0.55,"Carambola, c/ casca,in natura, Brasil",BRC0055C,0.546,"Jiló, c/ casca, cru, Brasil",BRC0026B,0.535,"Cenoura, s/ casca, crua, Brasil",BRC0020B,0.53261
"Palmito, conversa, drenado (média de variedades - Pupunha e Juçara)","Palmito, conversa, drenado (média de variedades - Pupunha e Juçara), Brasil",BRC0078B,1,vegetarian,PENDING_MANUAL_REVIEW,"Palmito, Juçara, conserva, drenado, Brasil",BRC0996B,0.46032,"Palmito, Pupunha, conserva, drenado, Brasil",BRC0995B,0.45685,"Aspargo, em conserva, drenado (dado importado)",BRC1164B,0.34311,"Soja, grão, cru, Brasil (média de diferentes variedades)",BRC0049T,0.30972,"Pera, c/ casca,in natura, Brasil (média diferentes variedades)",BRC0030C,0.30616
"Pequi, polpa, maduro, cru","Pequi, polpa, cozido, s/ óleo, c/ sal",BRC0930B,1,vegetarian,PENDING_MANUAL_REVIEW,"Pequi, polpa, maduro,in natura, Brasil (média diferentes amostras)",BRC0173C,1.0,"Coco, maduro, polpa,in natura, Brasil",BRC0013C,0.47643,"Pequi, polpa, cozido, s/ óleo, s/ sal, Brasil",BRC0929B,0.46778,"Acerola, madura, polpa, Brasil",BRC0004C,0.40842,"Bacuri, polpa,in natura, Brasil",BRC0232C,0.40583
"Pimentão, cru","Pimentão, verde, cru, Brasil",BRC0037B,1,regular,PENDING_MANUAL_REVIEW,"Pimentão, cru, Brasil (média de diferentes tipos)",BRC0031B,1.0,"Pimentão, amarelo, cru, Brasil",BRC0039B,0.59167,"Pimentão, vermelho, cru, Brasil",BRC0038B,0.577,"Pimentão, assado, s/ óleo, c/ sal",BRC0474B,0.3875,"Pimentão, assado, s/ óleo, s/ sal, Brasil",BRC0473B,0.3875
Pudim de leite,"Pudim de leite, Brasil",BRC0227K,1,vegetarian,PENDING_MANUAL_REVIEW,"Pudim, leite, mistura p/, Brasil",BRC0058R,0.60313,Pudim de sorvete,BRC0124G,0.5625,Pudim de pão,BRC0122G,0.48,"Pirão de leite, c/ sal",BRC0809B,0.45096,"Pirão de leite, s/ sal",BRC0815B,0.45096
"Pão, trigo, branco, hamburguer/hot dog/leite, de padaria (média de diferentes tipos)","Pão, c/ farinha de trigo refinada, de padaria, hamburguer/hot dog/leite, Brasil (média de diferentes tipos)",BRC0004A,1,regular,PENDING_MANUAL_REVIEW,"Pão, c/ farinha de trigo refinada, p/ hot dog, Brasil",BRC0159A,0.4354,"Pão, c/ farinha de trigo refinada, p/ hambúrguer, Brasil",BRC0158A,0.41023,"Pão francês, c/ doce de leite",BRC1204A,0.36887,"Camarão com molho branco (farinha de trigo, manteiga e leite), c/ sal",BRC0379E,0.36085,"Camarão com molho branco (farinha de trigo, manteiga e leite), s/ sal",BRC0389E,0.36085
"Pão, trigo, ciabatta","Pão, trigo, integral",BRC0149A,1,vegetarian,PENDING_MANUAL_REVIEW,"Pão, farinha de trigo refinada, ciabatta (dado importado)",BRC0874A,0.48403,"Pão, trigo, doce, c/ creme diet",BRC0080N,0.48256,"Pão, trigo, forma, diet/light, Brasil",BRC0033N,0.475,"Pão, trigo, integral, c/ chia, c/ macadâmia",BRC1089A,0.47353,"Pão, trigo/centeio, preto, forma, Brasil",BRC0157A,0.45426
"Pêssego, in natura","Pêssego,in natura, Brasil",BRC0031C,1,vegetarian,PENDING_MANUAL_REVIEW,"Gelatina, pêssego, em pó, Brasil",BRC0027R,0.44615,"Suco, néctar, pêssego, Brasil",BRC0224C,0.44615,"Iogurte, integral, pêssego, Brasil",BRC0019G,0.39839,"Suco, pêssego, com fruta em calda",BRC0159C,0.36089,"Pêssego, enlatado, em calda, drenado, Brasil",BRC0100C,0.32061
"Queijo, pasteurizado","Queijo, pasteurizado, Brasil",BRC0063G,1,vegetarian,PENDING_MANUAL_REVIEW,"Queijo, pasteurizado (média de diferentes amostras), Brasil",BRC0062G,1.0,"Queijo, prato, Brasil (média de diferentes amostras)",BRC0064G,0.54032,"Queijo, fundido, Brasil",BRC0049G,0.51667,"Queijo, ricota, Brasil",BRC0051G,0.49375,"Queijo, parmesão, ralado, Brasil",BRC0061G,0.48811
"Queijo, requeijão, zero % gordura","Queijo, requeijão, zero % gordura, Brasil",BRC0041N,1,vegetarian,PENDING_MANUAL_REVIEW,"Queijo, minas, padrão, zero % gordura, Brasil",BRC0038N,0.63975,"Queijo, requeijão (média de diferentes amostras), Brasil",BRC0066G,0.61611,"Queijo, requeijão, Brasil",BRC0067G,0.61611,"Queijo, requeijão, Brasil",BRC0068G,0.61611,"Queijo, requeijão, light, Brasil",BRC0040N,0.56824
"Suco, limonada), s/ açúcar","Suco, limonada, s/ açúcar",BRC0161C,1,vegan,PENDING_MANUAL_REVIEW,"Suco, limonada, c/ açúcar",BRC0162C,1.0,"Suco, laranjada, c/ açúcar",BRC0108C,0.6811,"Suco, clorofila, s/ açúcar, Brasil",BRC0198C,0.62744,"Suco, tangerina, c/ açúcar",BRC0164C,0.62744,"Suco, tangerina, s/ açúcar",BRC0163C,0.62744
"Óleo, soja","Óleo, soja, frito",BRC0048D,1,vegan,PENDING_MANUAL_REVIEW,"Óleo, soja, Brasil",BRC0030D,1.0,"Óleo, soja, assado",BRC0053D,0.696,"Óleo, soja, cozido",BRC0043D,0.696,"Óleo, canola, Brasil",BRC0024D,0.535,"Óleo, algodão, Brasil",BRC0020D,0.51667
