food_original,mapping_kind,mapped_tbca_name,tbca_code,tbca_record_name,tbca_record_exists,carbon_gco2e_per_100g,water_l_per_100g,ecological_points_per_100g,environmental_mapping_exists,occurrence_count,profiles,used_names_sharing_target,all_map_names_sharing_target,ambiguity_flags,selection_provenance
"Abacate, polpa, in natura",non_identity_unreviewed,"Abacate, polpa,in natura, Brasil",BRC0001C,"Abacate, polpa,in natura, Brasil",True,51.0,145.0,0.7,True,97,regular|vegan|vegetarian,1,1,mapping_classification_not_preserved,preserved_map_only; original selection rationale unavailable
"Abacaxi, polpa, in natura",non_identity_unreviewed,"Abacaxi, polpa,in natura, Brasil",BRC0002C,"Abacaxi, polpa,in natura, Brasil",True,40.0,25.0,0.8,True,39,regular|vegan|vegetarian,1,1,mapping_classification_not_preserved,preserved_map_only; original selection rationale unavailable
"Abobrinha, italiana, c/ casca, cozida, drenada, s/ óleo, c/ sal",identity,"Abobrinha, italiana, c/ casca, cozida, drenada, s/ óleo, c/ sal",BRC0152B,"Abobrinha, italiana, c/ casca, cozida, drenada, s/ óleo, c/ sal",True,35.0,105.0,0.2,True,24,regular|vegetarian,1,1,none,identity_match
"Abobrinha, italiana, c/ casca, crua",non_identity_unreviewed,"Abobrinha, italiana, c/ casca, crua, Brasil",BRC0006B,"Abobrinha, italiana, c/ casca, crua, Brasil",True,22.0,104.0,0.2,True,2,regular,1,1,mapping_classification_not_preserved,preserved_map_only; original selection rationale unavailable
"Abobrinha, italiana, c/ casca, refogada (c/ óleo, cebola e alho), c/ sal",identity,"Abobrinha, italiana, c/ casca, refogada (c/ óleo, cebola e alho), c/ sal",BRC0153B,"Abobrinha, italiana, c/ casca, refogada (c/ óleo, cebola e alho), c/ sal",True,37.0,111.0,0.2,True,122,regular|vegan|vegetarian,1,1,none,identity_match
"Abóbora, moranga, refogada (c/ óleo, cebolha e alho), c/ sal",non_identity_unreviewed,"Abóbora, moranga, refogada (c/ óleo, cebola e alho), c/ sal",BRC0151B,"Abóbora, moranga, refogada (c/ óleo, cebola e alho), c/ sal",True,61.0,88.0,0.2,True,77,regular|vegan|vegetarian,1,1,mapping_classification_not_preserved,preserved_map_only; original selection rationale unavailable
"Abóbora, moranga, s/ casca, s/ semente, assada, s/ óleo, c/ sal",non_identity_unreviewed,"Abóbora, moranga, s/ casca, s/ semente, assada, s/ óleo, c/ sal, Brasil",BRC0355B,"Abóbora, moranga, s/ casca, s/ semente, assada, s/ óleo, c/ sal, Brasil",True,69.0,81.0,0.2,True,11,vegan|vegetarian,1,1,mapping_classification_not_preserved,preserved_map_only; original selection rationale unavailable
"Abóbora, moranga, s/ casca, s/ semente, cozida, drenada, s/ óleo, c/ sal",identity,"Abóbora, moranga, s/ casca, s/ semente, cozida, drenada, s/ óleo, c/ sal",BRC0166B,"Abóbora, moranga, s/ casca, s/ semente, cozida, drenada, s/ óleo, c/ sal",True,60.0,81.0,0.2,True,13,vegetarian,1,1,none,identity_match
"Abóbora, pescoço, s/ casca, s/ semente, cozida, drenada, s/ óleo, c/ sal",identity,"Abóbora, pescoço, s/ casca, s/ semente, cozida, drenada, s/ óleo, c/ sal",BRC0228B,"Abóbora, pescoço, s/ casca, s/ semente, cozida, drenada, s/ óleo, c/ sal",True,47.0,81.0,0.2,True,10,vegetarian,1,1,none,identity_match
"Acelga, crua",non_identity_unreviewed,"Acelga, crua, Brasil",BRC0007B,"Acelga, crua, Brasil",True,37.0,46.0,0.2,True,46,regular|vegan|vegetarian,1,2,many_map_names_to_one_target|mapping_classification_not_preserved,preserved_map_only; original selection rationale unavailable
"Achocolatado, pó (média diferentes amostras)",non_identity_unreviewed,"Achocolatado, em pó (média diferentes amostras), Brasil",BRC0001K,"Achocolatado, em pó (média diferentes amostras), Brasil",True,80.0,1166.0,5.8,True,1,vegetarian,1,1,mapping_classification_not_preserved,preserved_map_only; original selection rationale unavailable
"Alface, crua",non_identity_unreviewed,"Alface, crua, Brasil",BRC0009B,"Alface, crua, Brasil",True,41.0,51.0,0.3,True,222,regular|vegan|vegetarian,1,1,mapping_classification_not_preserved,preserved_map_only; original selection rationale unavailable
"Alho, refogado c/ óleo de soja, s/ sal",non_identity_unreviewed,"Alho, refogado (c/ óleo de soja), s/ sal, Brasil",BRC0113B,"Alho, refogado (c/ óleo de soja), s/ sal, Brasil",True,59.0,325.0,0.2,True,2,vegan,1,1,mapping_classification_not_preserved,preserved_map_only; original selection rationale unavailable
"Almeirão, cru",non_identity_unreviewed,"Amendoim, grão, cru, Brasil",BRC0020T,"Amendoim, grão, cru, Brasil",True,39.0,48.0,0.2,True,11,vegan|vegetarian,2,2,many_used_names_to_one_target|many_map_names_to_one_target|mapping_classification_not_preserved,preserved_map_only; original selection rationale unavailable
"Amendoim, grão, cru",non_identity_unreviewed,"Amendoim, grão, cru, Brasil",BRC0020T,"Amendoim, grão, cru, Brasil",True,133.0,270.0,0.6,True,69,regular|vegan|vegetarian,2,2,many_used_names_to_one_target|many_map_names_to_one_target|mapping_classification_not_preserved,preserved_map_only; original selection rationale unavailable
"Amendoim, torrado, c/ sal",non_identity_unreviewed,"Amendoim, torrado, c/ sal, Brasil",BRC0021T,"Amendoim, torrado, c/ sal, Brasil",True,133.0,270.0,0.6,True,75,regular|vegan|vegetarian,1,1,mapping_classification_not_preserved,preserved_map_only; original selection rationale unavailable
"Amêndoa, torrada, c/ sal",non_identity_unreviewed,"Amêndoa, torrada, c/ sal, Brasil",BRC0001U,"Amêndoa, torrada, c/ sal, Brasil",True,471.0,1912.0,3.4,True,68,regular|vegan|vegetarian,1,1,mapping_classification_not_preserved,preserved_map_only; original selection rationale unavailable
"Arroz com brócolis, c/ arroz polido, c/ sal",identity,"Arroz com brócolis, c/ arroz polido, c/ sal",BRC0545A,"Arroz com brócolis, c/ arroz polido, c/ sal",True,101.0,71.0,0.4,True,17,regular|vegetarian,1,1,none,identity_match
"Arroz, creme, cozido, s/ tempero",non_identity_unreviewed,"Arroz, creme, cozido, s/ tempero, Brasil",BRC0012A,"Arroz, creme, cozido, s/ tempero, Brasil",True,421.0,210.0,0.8,True,8,vegan,1,1,mapping_classification_not_preserved,preserved_map_only; original selection rationale unavailable
"Arroz, integral, cozido, c/ óleo, cebolha e alho, c/ sal",non_identity_unreviewed,"Arroz, integral, cozido, c/ óleo, cebola e alho, s/ sal",BRC0210A,"Arroz, integral, cozido, c/ óleo, cebola e alho, s/ sal",True,102.0,55.0,0.4,True,391,regular|vegan|vegetarian,1,1,mapping_classification_not_preserved,preserved_map_only; original selection rationale unavailable
"Arroz, polido, cozido, c/ óleo, cebola e alho, c/ sal",non_identity_unreviewed,"Arroz selvagem, cozido, c/ óleo, cebola e alho, c/ sal",BRC0995A,"Arroz selvagem, cozido, c/ óleo, cebola e alho, c/ sal",True,101.0,55.0,0.4,True,162,regular|vegan|vegetarian,1,1,mapping_classification_not_preserved,preserved_map_only; original selection rationale unavailable
"Aveia, crua (média de diferentes tipos)",non_identity_unreviewed,"Aveia, crua, Brasil (média de diferentes tipos)",BRC0021A,"Aveia, crua, Brasil (média de diferentes tipos)",True,73.0,456.0,1.0,True,226,regular|vegan|vegetarian,1,1,mapping_classification_not_preserved,preserved_map_only; original selection rationale unavailable
"Avelã , crua, s/ sal",non_identity_unreviewed,"Acarajé, s/ sal",BRC0061T,"Acarajé, s/ sal",True,405.0,1912.0,3.4,True,27,vegan,1,1,mapping_classification_not_preserved,preserved_map_only; original selection rationale unavailable
"Azeite, oliva",non_identity_unreviewed,"Azeite, oliva, frito",BRC0044D,"Azeite, oliva, frito",True,294.0,736.0,7.5,True,181,regular|vegan|vegetarian,1,1,mapping_classification_not_preserved,preserved_map_only; original selection rationale unavailable
"Azeitona, verde, conserva, drenada",non_identity_unreviewed,"Azeitona, verde, conserva, drenada, Brasil",BRC0121B,"Azeitona, verde, conserva, drenada, Brasil",True,110.0,1356.0,1.0,True,1,vegetarian,1,1,mapping_classification_not_preserved,preserved_map_only; original selection rationale unavailable
Baba de moça,identity,Baba de moça,BRC0127K,Baba de moça,True,221.0,202.0,1.1,True,3,regular,1,1,none,identity_match
"Banana, da terra, assada, s/ adição de ingredientes",identity,"Banana, da terra, assada, s/ adição de ingredientes",BRC0107C,"Banana, da terra, assada, s/ adição de ingredientes",True,155.0,146.0,0.7,True,59,regular|vegan|vegetarian,1,1,none,identity_match
"Banana, in natura",non_identity_unreviewed,"Banana, Figo,in natura, Brasil",BRC0093C,"Banana, Figo,in natura, Brasil",True,139.0,146.0,0.7,True,215,regular|vegan|vegetarian,1,1,mapping_classification_not_preserved,preserved_map_only; original selection rationale unavailable
"Barra de cereal, diet",non_identity_unreviewed,"Barra de cereal, dietética (dado importado)",BRC0064N,"Barra de cereal, dietética (dado importado)",True,290.0,177.0,1.0,True,11,vegan,1,1,mapping_classification_not_preserved,preserved_map_only; original selection rationale unavailable
"Batata baroa (mandioquinha, batata salsa), cozida, drenada, s/ óleo, c/ sal",identity,"Batata baroa (mandioquinha, batata salsa), cozida, drenada, s/ óleo, c/ sal",BRC0911B,"Batata baroa (mandioquinha, batata salsa), cozida, drenada, s/ óleo, c/ sal",True,57.0,121.0,0.2,True,38,regular|vegan|vegetarian,1,1,none,identity_match
"Batata, doce, s/ casca, cozida, drenada, s/ óleo, c/ sal",identity,"Batata, doce, s/ casca, cozida, drenada, s/ óleo, c/ sal",BRC0907B,"Batata, doce, s/ casca, cozida, drenada, s/ óleo, c/ sal",True,9.0,55.0,0.7,True,150,regular|vegan|vegetarian,1,1,none,identity_match
"Batata, inglesa, s/ casca, assada, s/ óleo, c/ sal",identity,"Batata, inglesa, s/ casca, assada, s/ óleo, c/ sal",BRC0141B,"Batata, inglesa, s/ casca, assada, s/ óleo, c/ sal",True,56.0,90.0,0.4,True,4,regular|vegetarian,1,1,none,identity_match
"Batata, inglesa, s/ casca, cozida, drenada, s/ óleo, c/ sal",identity,"Batata, inglesa, s/ casca, cozida, drenada, s/ óleo, c/ sal",BRC0117B,"Batata, inglesa, s/ casca, cozida, drenada, s/ óleo, c/ sal",True,53.0,90.0,0.4,True,36,regular|vegan,1,1,none,identity_match
"Batata, inglesa, sauté (c/ margarina e salsa), c/ sal",non_identity_unreviewed,"Batata, inglesa, sauté (c/ margarina e salsa), s/ sal",BRC0103B,"Batata, inglesa, sauté (c/ margarina e salsa), s/ sal",True,66.0,92.0,0.7,True,8,regular|vegetarian,1,1,mapping_classification_not_preserved,preserved_map_only; original selection rationale unavailable
"Bebida, café - infusão 8% - média, c/ leite (meio a meio), ""média"", s/ açúcar",identity,"Bebida, café - infusão 8% - média, c/ leite (meio a meio), ""média"", s/ açúcar",BRC0081H,"Bebida, café - infusão 8% - média, c/ leite (meio a meio), ""média"", s/ açúcar",True,70.0,69.0,0.4,True,22,regular|vegetarian,1,1,none,identity_match
"Bebida, café, infusão 10%, s/ açúcar",non_identity_unreviewed,"Bebida, café, infusão 10%, c/ açúcar",BRC0042H,"Bebida, café, infusão 10%, c/ açúcar",True,3.0,4.0,0.0,True,237,regular|vegan|vegetarian,1,1,mapping_classification_not_preserved,preserved_map_only; original selection rationale unavailable
"Bebida, café, infusão 8% - médio, s/ açúcar",non_identity_unreviewed,"Bebida, café, infusão 8% - médio, c/ açúcar",BRC0063H,"Bebida, café, infusão 8% - médio, c/ açúcar",True,3.0,4.0,0.0,True,9,vegetarian,1,1,mapping_classification_not_preserved,preserved_map_only; original selection rationale unavailable
"Bebida, capuccino tradicional (leite desnatado, café - infusão 10% e canela em pó), s/ açúcar",identity,"Bebida, capuccino tradicional (leite desnatado, café - infusão 10% e canela em pó), s/ açúcar",BRC0109H,"Bebida, capuccino tradicional (leite desnatado, café - infusão 10% e canela em pó), s/ açúcar",True,95.0,103.0,0.6,True,2,vegetarian,1,1,none,identity_match
"Bebida, chá, infusão, s/ açúcar (média de várias ervas)",non_identity_unreviewed,"Bebida, chá, infusão, c/ açúcar (média de várias ervas)",BRC0050H,"Bebida, chá, infusão, c/ açúcar (média de várias ervas)",True,10.0,2.0,0.0,True,27,regular|vegan|vegetarian,1,1,mapping_classification_not_preserved,preserved_map_only; original selection rationale unavailable
"Bebida, chá, mate, infusão 5%, s/ açúcar",non_identity_unreviewed,"Bebida, chá, mate, infusão 5%, c/ açúcar",BRC0055H,"Bebida, chá, mate, infusão 5%, c/ açúcar",True,3.0,2.0,0.0,True,20,regular|vegan|vegetarian,1,1,mapping_classification_not_preserved,preserved_map_only; original selection rationale unavailable
"Bebida, chá, preto, infusão 5%, s/ açúcar",non_identity_unreviewed,"Bebida, chá, preto, infusão 5%, c/ açúcar",BRC0049H,"Bebida, chá, preto, infusão 5%, c/ açúcar",True,3.0,2.0,0.0,True,34,regular|vegan|vegetarian,1,1,mapping_classification_not_preserved,preserved_map_only; original selection rationale unavailable
"Bebida, infusão, erva-mate, chimarrão, (70g de matéria seca - 30% de ramos e 70% de folhas - em 1 L de água)",non_identity_unreviewed,"Bebida, infusão, erva-mate, chimarrão, (70g de matéria seca - 30% de ramos e 70% de folhas - em 1 L de água),",BRC0022H,"Bebida, infusão, erva-mate, chimarrão, (70g de matéria seca - 30% de ramos e 70% de folhas - em 1 L de água),",True,33.0,740.0,4.7,True,3,vegan,1,1,mapping_classification_not_preserved,preserved_map_only; original selection rationale unavailable
"Bebida, infusão, hortelã rasteira, planta, folha, s/ açúcar",non_identity_unreviewed,"Bebida, chá, infusão, cidreira, planta, folha, c/ açúcar",BRC0052H,"Bebida, chá, infusão, cidreira, planta, folha, c/ açúcar",True,46.0,80.0,0.2,True,8,vegetarian,1,1,mapping_classification_not_preserved,preserved_map_only; original selection rationale unavailable
"Bebida, refresco, em pó, preparado, c/ água",identity,"Bebida, refresco, em pó, preparado, c/ água",BRC0148H,"Bebida, refresco, em pó, preparado, c/ água",True,48.0,1154.0,5.8,True,3,vegetarian,1,1,none,identity_match
"Beringela, c/ casca, cozida, drenada, s/ óleo, c/ sal",non_identity_unreviewed,"Berinjela, c/ casca, cozida, drenada, s/ óleo, c/ sal",BRC0157B,"Berinjela, c/ casca, cozida, drenada, s/ óleo, c/ sal",True,72.0,141.0,0.3,True,1,vegetarian,1,1,mapping_classification_not_preserved,preserved_map_only; original selection rationale unavailable
"Berinjela recheada, c/ muçarela, c/ vegetais, c/ sal",identity,"Berinjela recheada, c/ muçarela, c/ vegetais, c/ sal",BRC0696B,"Berinjela recheada, c/ muçarela, c/ vegetais, c/ sal",True,200.0,243.0,0.7,True,5,vegetarian,1,1,none,identity_match
"Berinjela, c/ casca, grelhada, s/ gordura, c/ sal",non_identity_unreviewed,"Berinjela, c/ casca, grelhada, s/ óleo, c/ sal",BRC0287B,"Berinjela, c/ casca, grelhada, s/ óleo, c/ sal",True,59.0,141.0,0.3,True,22,vegan|vegetarian,1,1,mapping_classification_not_preserved,preserved_map_only; original selection rationale unavailable
"Berinjela, refogada (c/ óleo, cebola e alho), c/ sal",identity,"Berinjela, refogada (c/ óleo, cebola e alho), c/ sal",BRC0359B,"Berinjela, refogada (c/ óleo, cebola e alho), c/ sal",True,73.0,146.0,0.3,True,38,regular|vegan|vegetarian,1,1,none,identity_match
"Beterraba, cozida, drenada, s/ óleo, c/ sal",identity,"Beterraba, cozida, drenada, s/ óleo, c/ sal",BRC0912B,"Beterraba, cozida, drenada, s/ óleo, c/ sal",True,26.0,97.0,0.1,True,54,regular|vegan|vegetarian,1,1,none,identity_match
"Beterraba, refogada (c/ óleo, cebola e alho), c/ sal",identity,"Beterraba, refogada (c/ óleo, cebola e alho), c/ sal",BRC0327B,"Beterraba, refogada (c/ óleo, cebola e alho), c/ sal",True,29.0,103.0,0.1,True,10,regular|vegan,1,1,none,identity_match
"Beterraba, s/ casca, crua",non_identity_unreviewed,"Beterraba, s/ casca, crua, Brasil",BRC0015B,"Beterraba, s/ casca, crua, Brasil",True,13.0,96.0,0.1,True,68,regular|vegan|vegetarian,1,1,mapping_classification_not_preserved,preserved_map_only; original selection rationale unavailable
"Biscoito, arroz",non_identity_unreviewed,"Biscoito, palmier, caseiro",BRC0946A,"Biscoito, palmier, caseiro",True,155.0,151.0,1.0,True,127,regular|vegan|vegetarian,1,1,mapping_classification_not_preserved,preserved_map_only; original selection rationale unavailable
"Biscoito, doce, maisena",non_identity_unreviewed,"Biscoito, doce, Maria, Brasil",BRC0028A,"Biscoito, doce, Maria, Brasil",True,164.0,223.0,1.1,True,39,regular|vegetarian,1,2,many_map_names_to_one_target|mapping_classification_not_preserved,preserved_map_only; original selection rationale unavailable
"Biscoito, doce, simples (média de diferentes tipos)",non_identity_unreviewed,"Biscoito, doce, simples (média de diferentes tipos), Brasil",BRC0027A,"Biscoito, doce, simples (média de diferentes tipos), Brasil",True,169.0,305.0,1.3,True,7,regular|vegan|vegetarian,1,1,mapping_classification_not_preserved,preserved_map_only; original selection rationale unavailable
"Biscoito, salgado, cream cracker",non_identity_unreviewed,"Biscoito, salgado, cream cracker, Brasil",BRC0201A,"Biscoito, salgado, cream cracker, Brasil",True,155.0,151.0,1.0,True,16,regular|vegetarian,1,1,mapping_classification_not_preserved,preserved_map_only; original selection rationale unavailable
"Biscoito, salgado, cream cracker , integral",non_identity_unreviewed,"Biscoito, salgado, cream cracker, integral, Brasil",BRC0059A,"Biscoito, salgado, cream cracker, integral, Brasil",True,100.0,62.0,0.9,True,8,vegetarian,1,1,mapping_classification_not_preserved,preserved_map_only; original selection rationale unavailable
"Brócolis, flor, refogado (c/ óleo, cebola e alho), c/ sal",identity,"Brócolis, flor, refogado (c/ óleo, cebola e alho), c/ sal",BRC0164B,"Brócolis, flor, refogado (c/ óleo, cebola e alho), c/ sal",True,55.0,93.0,0.2,True,22,regular|vegan|vegetarian,1,1,none,identity_match
"Brócolis, flor, à milanesa (farinha de trigo, ovo e farinha de rosca), frita em imersão, c/ sal",identity,"Brócolis, flor, à milanesa (farinha de trigo, ovo e farinha de rosca), frita em imersão, c/ sal",BRC0262B,"Brócolis, flor, à milanesa (farinha de trigo, ovo e farinha de rosca), frita em imersão, c/ sal",True,106.0,139.0,0.7,True,1,vegetarian,1,1,none,identity_match
"Brócolos, flor, cozido, drenado, s/ óleo, c/ sal",non_identity_unreviewed,"Brócolis, flor, cozido, drenado, s/ óleo, c/ sal",BRC0150B,"Brócolis, flor, cozido, drenado, s/ óleo, c/ sal",True,53.0,86.0,0.2,True,191,regular|vegan|vegetarian,1,1,mapping_classification_not_preserved,preserved_map_only; original selection rationale unavailable
"Cacau, in natura",non_identity_unreviewed,"Pitaia,in natura",BRC0225C,"Pitaia,in natura",True,90.0,600.0,0.6,True,3,vegan,5,10,many_used_names_to_one_target|many_map_names_to_one_target|mapping_classification_not_preserved,preserved_map_only; original selection rationale unavailable
"Canela, em pó",non_identity_unreviewed,"Chantily, em pó, Brasil",BRC0009R,"Chantily, em pó, Brasil",True,33.0,816.0,5.0,True,4,vegan,1,1,mapping_classification_not_preserved,preserved_map_only; original selection rationale unavailable
"Canelone, c/ muçarela, s/ molho, caseiro",identity,"Canelone, c/ muçarela, s/ molho, caseiro",BRC0568A,"Canelone, c/ muçarela, s/ molho, caseiro",True,590.0,457.0,2.3,True,1,vegetarian,1,1,none,identity_match
"Canelone, c/ ricota, s/ molho, caseiro, c/ sal",identity,"Canelone, c/ ricota, s/ molho, caseiro, c/ sal",BRC0570A,"Canelone, c/ ricota, s/ molho, caseiro, c/ sal",True,275.0,186.0,1.0,True,15,regular|vegetarian,1,1,none,identity_match
"Canjica, milho, branca, cozida, drenada",non_identity_unreviewed,"Canjica, milho, branca, cozida, drenada, s/ açúcar, Brasil",BRC0185A,"Canjica, milho, branca, cozida, drenada, s/ açúcar, Brasil",True,61.0,117.0,0.6,True,4,vegan,1,1,mapping_classification_not_preserved,preserved_map_only; original selection rationale unavailable
"Caqui, in natura",non_identity_unreviewed,"Pitaia,in natura",BRC0225C,"Pitaia,in natura",True,66.0,443.0,0.5,True,9,vegan,5,10,many_used_names_to_one_target|many_map_names_to_one_target|mapping_classification_not_preserved,preserved_map_only; original selection rationale unavailable
"Carne, boi, acém moída, cozida, c/ óleo, cebola e alho, c/ sal",non_identity_unreviewed,"Carne, boi, acém moída, cozida, c/ óleo, cebola e alho, s/ sal",BRC0355F,"Carne, boi, acém moída, cozida, c/ óleo, cebola e alho, s/ sal",True,4010.0,2694.0,16.7,True,11,regular,2,2,many_used_names_to_one_target|many_map_names_to_one_target|mapping_classification_not_preserved,preserved_map_only; original selection rationale unavailable
"Carne, boi, acém, moída, refogada (c/ óleo, cebola e alho), c/ sal",non_identity_unreviewed,"Carne, boi, acém moída, cozida, c/ óleo, cebola e alho, s/ sal",BRC0355F,"Carne, boi, acém moída, cozida, c/ óleo, cebola e alho, s/ sal",True,4021.0,2694.0,16.7,True,9,regular,2,2,many_used_names_to_one_target|many_map_names_to_one_target|mapping_classification_not_preserved,preserved_map_only; original selection rationale unavailable
"Carne, boi, alcatra, frita (c/ óleo de soja), c/ sal",identity,"Carne, boi, alcatra, frita (c/ óleo de soja), c/ sal",BRC0608F,"Carne, boi, alcatra, frita (c/ óleo de soja), c/ sal",True,4309.0,2917.0,18.2,True,2,regular,1,1,none,identity_match
"Carne, boi, contrafilé, s/ gordura, grelhada/assada, s/ óleo, c/ sal",identity,"Carne, boi, contrafilé, s/ gordura, grelhada/assada, s/ óleo, c/ sal",BRC0617F,"Carne, boi, contrafilé, s/ gordura, grelhada/assada, s/ óleo, c/ sal",True,4655.0,3134.0,19.4,True,10,regular,1,1,none,identity_match
"Carne, boi, filé mignon, s/ gordura, grelhada/assada, s/ óleo, c/ sal",identity,"Carne, boi, filé mignon, s/ gordura, grelhada/assada, s/ óleo, c/ sal",BRC0595F,"Carne, boi, filé mignon, s/ gordura, grelhada/assada, s/ óleo, c/ sal",True,4655.0,3134.0,19.4,True,21,regular,1,1,none,identity_match
"Carne, boi, lagarto, cozida, s/ óleo, c/ sal",identity,"Carne, boi, lagarto, cozida, s/ óleo, c/ sal",BRC0625F,"Carne, boi, lagarto, cozida, s/ óleo, c/ sal",True,4655.0,3134.0,19.4,True,16,regular,1,1,none,identity_match
"Carne, boi, maminha, grelhada/assada, s/ óleo, c/ sal",identity,"Carne, boi, maminha, grelhada/assada, s/ óleo, c/ sal",BRC0816F,"Carne, boi, maminha, grelhada/assada, s/ óleo, c/ sal",True,4721.0,3134.0,19.4,True,18,regular,1,1,none,identity_match
"Carne, boi, miolo de alcatra, grelhada/assada, s/ óleo, c/ sal",identity,"Carne, boi, miolo de alcatra, grelhada/assada, s/ óleo, c/ sal",BRC0606F,"Carne, boi, miolo de alcatra, grelhada/assada, s/ óleo, c/ sal",True,4721.0,3134.0,19.4,True,16,regular,1,1,none,identity_match
"Carne, boi, músculo, s/ gordura, cozida, s/ óleo, c/ sal",identity,"Carne, boi, músculo, s/ gordura, cozida, s/ óleo, c/ sal",BRC0670F,"Carne, boi, músculo, s/ gordura, cozida, s/ óleo, c/ sal",True,4693.0,3134.0,19.4,True,13,regular,1,1,none,identity_match
"Carne, boi, patinho, s/ gordura, grelhada/assada, s/ óleo, c/ sal",identity,"Carne, boi, patinho, s/ gordura, grelhada/assada, s/ óleo, c/ sal",BRC0632F,"Carne, boi, patinho, s/ gordura, grelhada/assada, s/ óleo, c/ sal",True,4243.0,2812.0,17.4,True,68,regular,1,1,none,identity_match
"Carne, boi, seca, cozida, s/ óleo",non_identity_unreviewed,"Carne, boi, seca, cozida, s/ óleo, Brasil",BRC0085F,"Carne, boi, seca, cozida, s/ óleo, Brasil",True,5011.0,4698.0,3.5,True,2,regular,1,1,mapping_classification_not_preserved,preserved_map_only; original selection rationale unavailable
"Carne, frango, coxa, c/ pele, assada, s/ óleo, c/ sal",identity,"Carne, frango, coxa, c/ pele, assada, s/ óleo, c/ sal",BRC0842F,"Carne, frango, coxa, c/ pele, assada, s/ óleo, c/ sal",True,483.0,651.0,3.9,True,9,regular,1,1,none,identity_match
"Carne, frango, coxa, s/ pele, cozida, s/ óleo, c/ sal",identity,"Carne, frango, coxa, s/ pele, cozida, s/ óleo, c/ sal",BRC0843F,"Carne, frango, coxa, s/ pele, cozida, s/ óleo, c/ sal",True,509.0,651.0,3.9,True,6,regular,1,1,none,identity_match
"Carne, frango, peito, s/ pele, cozida, drenada, s/ óleo, c/ sal",identity,"Carne, frango, peito, s/ pele, cozida, drenada, s/ óleo, c/ sal",BRC0195F,"Carne, frango, peito, s/ pele, cozida, drenada, s/ óleo, c/ sal",True,509.0,651.0,3.9,True,6,regular,1,1,none,identity_match
"Carne, frango, peito, s/ pele, grelhada, s/ gordura, s/ óleo, c/ sal",identity,"Carne, frango, peito, s/ pele, grelhada, s/ gordura, s/ óleo, c/ sal",BRC0230F,"Carne, frango, peito, s/ pele, grelhada, s/ gordura, s/ óleo, c/ sal",True,483.0,651.0,3.9,True,82,regular,1,1,none,identity_match
"Carne, frango, peito, s/ pele, refogado (c/ óleo, cebola e alho), c/ sal",non_identity_unreviewed,"Carne, frango, peito, s/ pele, refogado (c/ óleo, cebola e alho), c/ sal, Brasil",BRC0235F,"Carne, frango, peito, s/ pele, refogado (c/ óleo, cebola e alho), c/ sal, Brasil",True,487.0,632.0,3.7,True,12,regular,1,1,mapping_classification_not_preserved,preserved_map_only; original selection rationale unavailable
"Carne, peru, peito, s/ pele, grelhada/assada, s/ óleo, c/ sal",identity,"Carne, peru, peito, s/ pele, grelhada/assada, s/ óleo, c/ sal",BRC0783F,"Carne, peru, peito, s/ pele, grelhada/assada, s/ óleo, c/ sal",True,374.0,445.0,2.6,True,7,regular,1,1,none,identity_match
"Carne, porco, lombo, grelhada/assada, s/ óleo, c/ sal",identity,"Carne, porco, lombo, grelhada/assada, s/ óleo, c/ sal",BRC0697F,"Carne, porco, lombo, grelhada/assada, s/ óleo, c/ sal",True,778.0,1094.0,5.1,True,45,regular,1,1,none,identity_match
"Castanha de caju, crua, s/ sal",non_identity_unreviewed,"Castanha de caju, crua, s/ sal, Brasil",BRC0012U,"Castanha de caju, crua, s/ sal, Brasil",True,327.0,5907.0,0.9,True,103,regular|vegan|vegetarian,1,1,mapping_classification_not_preserved,preserved_map_only; original selection rationale unavailable
"Castanha do Brasil, crua",non_identity_unreviewed,"Castanha do Brasil, crua, Brasil",BRC0003U,"Castanha do Brasil, crua, Brasil",True,327.0,1600.0,0.9,True,185,regular|vegan|vegetarian,1,1,mapping_classification_not_preserved,preserved_map_only; original selection rationale unavailable
"Catchup, tomate, molho",non_identity_unreviewed,"Catchup, tomate, molho (dado importado)",BRC0030L,"Catchup, tomate, molho (dado importado)",True,156.0,24.0,3.4,True,2,vegan,1,1,mapping_classification_not_preserved,preserved_map_only; original selection rationale unavailable
"Cebola, branca, assada, s/ óleo, c/ sal",identity,"Cebola, branca, assada, s/ óleo, c/ sal",BRC0357B,"Cebola, branca, assada, s/ óleo, c/ sal",True,24.0,52.0,0.1,True,1,regular,1,1,none,identity_match
"Cebolinha, verde, crua",non_identity_unreviewed,"Cebolinha, verde, crua, Brasil",BRC0019B,"Cebolinha, verde, crua, Brasil",True,23.0,176.0,0.1,True,8,vegan,1,1,mapping_classification_not_preserved,preserved_map_only; original selection rationale unavailable
"Cenoura, s/ casca, cozida, drenada, c/ óleo de soja, c/ sal",identity,"Cenoura, s/ casca, cozida, drenada, c/ óleo de soja, c/ sal",BRC0333B,"Cenoura, s/ casca, cozida, drenada, c/ óleo de soja, c/ sal",True,46.0,96.0,0.3,True,7,vegetarian,1,1,none,identity_match
"Cenoura, s/ casca, cozida, drenada, s/ óleo, c/ sal",identity,"Cenoura, s/ casca, cozida, drenada, s/ óleo, c/ sal",BRC0913B,"Cenoura, s/ casca, cozida, drenada, s/ óleo, c/ sal",True,25.0,79.0,0.1,True,109,regular|vegan|vegetarian,1,1,none,identity_match
"Cenoura, s/ casca, crua",non_identity_unreviewed,"Cenoura, s/ casca, crua, Brasil",BRC0020B,"Cenoura, s/ casca, crua, Brasil",True,29.0,93.0,0.1,True,92,regular|vegan|vegetarian,1,1,mapping_classification_not_preserved,preserved_map_only; original selection rationale unavailable
"Cenoura, s/ casca, refogada (c/ óleo, cebola e alho), c/ sal",identity,"Cenoura, s/ casca, refogada (c/ óleo, cebola e alho), c/ sal",BRC0335B,"Cenoura, s/ casca, refogada (c/ óleo, cebola e alho), c/ sal",True,40.0,86.0,0.1,True,1,vegetarian,1,1,none,identity_match
"Cereais, barra (média de diferentes sabores)",non_identity_unreviewed,"Cereais, barra (média de diferentes sabores), Brasil",BRC0082A,"Cereais, barra (média de diferentes sabores), Brasil",True,290.0,177.0,1.0,True,8,regular|vegan|vegetarian,1,1,mapping_classification_not_preserved,preserved_map_only; original selection rationale unavailable
"Cereais, granola, caseira",identity,"Cereais, granola, caseira",BRC0396A,"Cereais, granola, caseira",True,241.0,694.0,1.3,True,68,regular|vegan|vegetarian,1,1,none,identity_match
"Cereal matinal, milho",non_identity_unreviewed,"Cereal matinal, milho, Brasil",BRC0100A,"Cereal matinal, milho, Brasil",True,290.0,177.0,1.0,True,25,regular|vegan|vegetarian,1,1,mapping_classification_not_preserved,preserved_map_only; original selection rationale unavailable
"Chia, semente, seca",non_identity_unreviewed,"Chia, semente, seca (dado importado)",BRC0402A,"Chia, semente, seca (dado importado)",True,63.0,685.0,0.6,True,98,regular|vegan|vegetarian,1,1,mapping_classification_not_preserved,preserved_map_only; original selection rationale unavailable
"Chicória, crua",non_identity_unreviewed,"Chicória, crua, Brasil",BRC0071B,"Chicória, crua, Brasil",True,39.0,48.0,0.2,True,16,regular|vegan,1,1,mapping_classification_not_preserved,preserved_map_only; original selection rationale unavailable
"Chicória, refogada (c/ óleo, cebola e alho), c/ sal",identity,"Chicória, refogada (c/ óleo, cebola e alho), c/ sal",BRC0159B,"Chicória, refogada (c/ óleo, cebola e alho), c/ sal",True,52.0,55.0,0.3,True,9,vegan|vegetarian,1,1,none,identity_match
"Chuchu, s/ casca, cozido, drenado, s/ óleo, c/ sal",non_identity_unreviewed,"Chuchu, s/ casca, cozido, drenado, s/ óleo, c/ sal, Brasil",BRC0154B,"Chuchu, s/ casca, cozido, drenado, s/ óleo, c/ sal, Brasil",True,79.0,157.0,0.3,True,12,regular|vegetarian,1,1,mapping_classification_not_preserved,preserved_map_only; original selection rationale unavailable
"Chuchu, s/ casca, refogado (c/ óleo, cebola e alho), c/ sal",identity,"Chuchu, s/ casca, refogado (c/ óleo, cebola e alho), c/ sal",BRC0058B,"Chuchu, s/ casca, refogado (c/ óleo, cebola e alho), c/ sal",True,79.0,161.0,0.3,True,36,regular|vegan|vegetarian,1,1,none,identity_match
"Coco, leite",non_identity_unreviewed,Arroz de leite,BRC0805A,Arroz de leite,True,73.0,207.0,1.1,True,14,vegan,1,3,many_map_names_to_one_target|mapping_classification_not_preserved,preserved_map_only; original selection rationale unavailable
"Coco, polpa, in natura",non_identity_unreviewed,"Cacau, polpa,in natura, Brasil",BRC0071C,"Cacau, polpa,in natura, Brasil",True,1782.0,892.0,4.7,True,40,vegan,1,2,many_map_names_to_one_target|mapping_classification_not_preserved,preserved_map_only; original selection rationale unavailable
"Coco, água",non_identity_unreviewed,"Bala, coco, caseira",BRC0218K,"Bala, coco, caseira",True,73.0,207.0,1.1,True,63,regular|vegan|vegetarian,1,2,many_map_names_to_one_target|mapping_classification_not_preserved,preserved_map_only; original selection rationale unavailable
"Cogumelo, Paris, cozido, drenado, s/ óleo, c/ sal",non_identity_unreviewed,"Cogumelo, Paris, cozido, drenado, s/ óleo, c/ sal (dado importado)",BRC0701B,"Cogumelo, Paris, cozido, drenado, s/ óleo, c/ sal (dado importado)",True,61.0,81.0,0.1,True,4,vegan,1,1,mapping_classification_not_preserved,preserved_map_only; original selection rationale unavailable
"Couve, crua",non_identity_unreviewed,"Couve-flor, crua, Brasil",BRC0024B,"Couve-flor, crua, Brasil",True,49.0,112.0,0.2,True,32,regular|vegan|vegetarian,1,1,mapping_classification_not_preserved,preserved_map_only; original selection rationale unavailable
"Couve, manteiga, refogada (c/ óleo, cebola e alho), c/ sal",identity,"Couve, manteiga, refogada (c/ óleo, cebola e alho), c/ sal",BRC0145B,"Couve, manteiga, refogada (c/ óleo, cebola e alho), c/ sal",True,62.0,117.0,0.2,True,123,regular|vegan|vegetarian,1,1,none,identity_match
"Couve-flor, cozida, drenada, s/ óleo, c/ sal",identity,"Couve-flor, cozida, drenada, s/ óleo, c/ sal",BRC0116B,"Couve-flor, cozida, drenada, s/ óleo, c/ sal",True,49.0,95.0,0.1,True,47,regular|vegan|vegetarian,1,1,none,identity_match
Cream cheese (média de diferentes sabores),non_identity_unreviewed,"Cream cheese, Brasil (média de diferentes sabores)",BRC0006G,"Cream cheese, Brasil (média de diferentes sabores)",True,893.0,486.0,5.4,True,39,regular|vegetarian,1,1,mapping_classification_not_preserved,preserved_map_only; original selection rationale unavailable
"Cuscuz de milho, cozido, c/ sal",non_identity_unreviewed,"Cuscuz de milho, cozido, c/ manteiga, c/ sal",BRC1147A,"Cuscuz de milho, cozido, c/ manteiga, c/ sal",True,426.0,252.0,1.5,True,170,regular|vegan|vegetarian,1,1,mapping_classification_not_preserved,preserved_map_only; original selection rationale unavailable
"Ervilha, em vagem, fresca, cozida, drenada, s/ óleo, c/ sal",identity,"Ervilha, em vagem, fresca, cozida, drenada, s/ óleo, c/ sal",BRC0076T,"Ervilha, em vagem, fresca, cozida, drenada, s/ óleo, c/ sal",True,50.0,83.0,2.6,True,9,vegetarian,1,1,none,identity_match
"Ervilha, enlatada, drenada",non_identity_unreviewed,"Ervilha, enlatada, drenada, Brasil",BRC0023T,"Ervilha, enlatada, drenada, Brasil",True,173.0,226.0,0.5,True,4,vegetarian,1,1,mapping_classification_not_preserved,preserved_map_only; original selection rationale unavailable
"Ervilha, grão, seca, partida, cozida, drenada, s/ óleo, c/ sal",identity,"Ervilha, grão, seca, partida, cozida, drenada, s/ óleo, c/ sal",BRC0074T,"Ervilha, grão, seca, partida, cozida, drenada, s/ óleo, c/ sal",True,38.0,32.0,1.0,True,86,regular|vegan|vegetarian,1,1,none,identity_match
"Espinafre, folha, cozida, drenado, s/ óleo, c/ sal",non_identity_unreviewed,"Espinafre, folha, cozida, drenado, s/ óleo, c/ sal, Brasil",BRC0146B,"Espinafre, folha, cozida, drenado, s/ óleo, c/ sal, Brasil",True,36.0,93.0,0.2,True,1,vegetarian,1,1,mapping_classification_not_preserved,preserved_map_only; original selection rationale unavailable
"Espinafre, folha, cru",non_identity_unreviewed,"Espinafre, folha, cru, Brasil",BRC0072B,"Espinafre, folha, cru, Brasil",True,23.0,93.0,0.2,True,11,vegan|vegetarian,1,1,mapping_classification_not_preserved,preserved_map_only; original selection rationale unavailable
"Espinafre, folha, refogada (c/ óleo, cebola e alho), c/ sal",identity,"Espinafre, folha, refogada (c/ óleo, cebola e alho), c/ sal",BRC0147B,"Espinafre, folha, refogada (c/ óleo, cebola e alho), c/ sal",True,38.0,99.0,0.2,True,91,regular|vegan|vegetarian,1,1,none,identity_match
"Fava, grão, seco, cozida, drenada, s/ óleo, c/ sal",identity,"Fava, grão, seco, cozida, drenada, s/ óleo, c/ sal",BRC0085T,"Fava, grão, seco, cozida, drenada, s/ óleo, c/ sal",True,57.0,212.0,0.2,True,15,vegan,1,1,none,identity_match
Feijoada vegetariana,non_identity_recorded_decision,"Feijoada vegetariana, c/ sal, Brasil",BRC0172T,"Feijoada vegetariana, c/ sal, Brasil",True,166.0,119.0,0.4,True,32,vegan,1,1,mapping_classification_not_preserved,exact POF source row 8581905#99 (C0172T) aligned to current TBCA BRC0172T; official TBCA preparation composition reviewed
"Feijão, carioca, cozido (50% grão e 50% caldo), c/ óleo, cebola e alho, c/ sal",non_identity_unreviewed,"Feijão, carioca, cozido (50% grão e 50% caldo), c/ óleo, cebola e alho, s/ sal, Brasil",BRC0090T,"Feijão, carioca, cozido (50% grão e 50% caldo), c/ óleo, cebola e alho, s/ sal, Brasil",True,40.0,131.0,0.3,True,276,regular|vegan|vegetarian,1,1,mapping_classification_not_preserved,preserved_map_only; original selection rationale unavailable
"Feijão, fradinho, cozido (50% grão e 50% caldo), c/ óleo, cebola e alho, c/ sal",identity,"Feijão, fradinho, cozido (50% grão e 50% caldo), c/ óleo, cebola e alho, c/ sal",BRC0100T,"Feijão, fradinho, cozido (50% grão e 50% caldo), c/ óleo, cebola e alho, c/ sal",True,40.0,131.0,0.2,True,119,regular|vegan|vegetarian,1,1,none,identity_match
"Feijão, guandu, grão, seco, cozido (50% grão e 50% caldo), s/ óleo, cebola e alho, c/ sal",identity,"Feijão, guandu, grão, seco, cozido (50% grão e 50% caldo), s/ óleo, cebola e alho, c/ sal",BRC0082T,"Feijão, guandu, grão, seco, cozido (50% grão e 50% caldo), s/ óleo, cebola e alho, c/ sal",True,57.0,146.0,0.2,True,77,regular|vegan|vegetarian,1,1,none,identity_match
"Feijão, preto, cozido (50% grão e 50% caldo), c/ carne de boi, músculo, s/ gordura, c/ óleo, cebola e alho, c/ sal",identity,"Feijão, preto, cozido (50% grão e 50% caldo), c/ carne de boi, músculo, s/ gordura, c/ óleo, cebola e alho, c/ sal",BRC0194T,"Feijão, preto, cozido (50% grão e 50% caldo), c/ carne de boi, músculo, s/ gordura, c/ óleo, cebola e alho, c/ sal",True,1245.0,886.0,5.1,True,18,regular|vegan,1,1,none,identity_match
"Geleia, s/ açúcar (média de diferentes sabores)",non_identity_unreviewed,"Geleia, s/ açúcar, Brasil (média de diferentes sabores)",BRC0058N,"Geleia, s/ açúcar, Brasil (média de diferentes sabores)",True,295.0,147.0,0.6,True,24,vegan|vegetarian,1,4,many_map_names_to_one_target|mapping_classification_not_preserved,preserved_map_only; original selection rationale unavailable
"Goiaba, inteira, in natura",non_identity_unreviewed,"Goiaba, branca, inteira, c/ casca,in natura, Brasil",BRC0015C,"Goiaba, branca, inteira, c/ casca,in natura, Brasil",True,10.0,106.0,0.6,True,66,regular|vegan|vegetarian,1,1,mapping_classification_not_preserved,preserved_map_only; original selection rationale unavailable
"Grão de bico, cozido, dreando, s/ óleo, c/ sal",identity,"Grão de bico, cozido, dreando, s/ óleo, c/ sal",BRC0106T,"Grão de bico, cozido, dreando, s/ óleo, c/ sal",True,95.0,146.0,0.2,True,133,regular|vegan|vegetarian,1,1,none,identity_match
"Inhame, s/ casca, cozido, drenado, s/ óleo, c/ sal",identity,"Inhame, s/ casca, cozido, drenado, s/ óleo, c/ sal",BRC0343B,"Inhame, s/ casca, cozido, drenado, s/ óleo, c/ sal",True,32.0,80.0,0.9,True,23,regular|vegan,1,1,none,identity_match
"Inhame, s/ casca, refogado (c/ óleo, cebola e alho), c/ sal",identity,"Inhame, s/ casca, refogado (c/ óleo, cebola e alho), c/ sal",BRC0349B,"Inhame, s/ casca, refogado (c/ óleo, cebola e alho), c/ sal",True,31.0,87.0,0.9,True,20,vegan,1,1,none,identity_match
"Iogurte, frutas, diet",non_identity_unreviewed,"Torta de frutas, light",BRC0079N,"Torta de frutas, light",True,343.0,150.0,1.3,True,30,regular|vegetarian,1,3,many_map_names_to_one_target|mapping_classification_not_preserved,preserved_map_only; original selection rationale unavailable
"Iogurte, integral (média de diferentes sabores)",non_identity_unreviewed,"Iogurte, integral (média de diferentes sabores), Brasil",BRC0011G,"Iogurte, integral (média de diferentes sabores), Brasil",True,343.0,150.0,1.3,True,39,regular|vegetarian,1,1,mapping_classification_not_preserved,preserved_map_only; original selection rationale unavailable
"Iogurte, natural",non_identity_unreviewed,"Iogurte, natural, Brasil",BRC0021G,"Iogurte, natural, Brasil",True,161.0,150.0,1.3,True,97,regular|vegetarian,1,1,mapping_classification_not_preserved,preserved_map_only; original selection rationale unavailable
"Iogurte, natural, desnatado",non_identity_unreviewed,"Iogurte, natural, desnatado, Brasil",BRC0023G,"Iogurte, natural, desnatado, Brasil",True,161.0,150.0,1.3,True,249,regular|vegetarian,1,1,mapping_classification_not_preserved,preserved_map_only; original selection rationale unavailable
"Kiwi, in natura",non_identity_unreviewed,"Pitaia,in natura",BRC0225C,"Pitaia,in natura",True,150.0,136.0,0.3,True,30,regular|vegan|vegetarian,5,10,many_used_names_to_one_target|many_map_names_to_one_target|mapping_classification_not_preserved,preserved_map_only; original selection rationale unavailable
"Laranja, in natura",non_identity_unreviewed,"Laranja, Baía,in natura, Brasil",BRC0018C,"Laranja, Baía,in natura, Brasil",True,40.0,62.0,0.8,True,23,regular|vegan,1,1,mapping_classification_not_preserved,preserved_map_only; original selection rationale unavailable
"Lasanha, queijos, c/ molho branco, c/ sal, caseira",identity,"Lasanha, queijos, c/ molho branco, c/ sal, caseira",BRC0894A,"Lasanha, queijos, c/ molho branco, c/ sal, caseira",True,391.0,283.0,1.9,True,1,vegetarian,1,1,none,identity_match
"Lasanha, vegetais, caseira",identity,"Lasanha, vegetais, caseira",BRC0560A,"Lasanha, vegetais, caseira",True,147.0,70.0,0.5,True,17,vegetarian,1,1,none,identity_match
"Leite, vaca, c/ chocolate",non_identity_unreviewed,"Leite, vaca, c/ chocolate, em pó, Brasil",BRC0035G,"Leite, vaca, c/ chocolate, em pó, Brasil",True,79.0,1154.0,5.8,True,7,vegan|vegetarian,1,2,many_map_names_to_one_target|mapping_classification_not_preserved,preserved_map_only; original selection rationale unavailable
"Leite, vaca, desnatado, em pó",non_identity_unreviewed,"Leite, vaca, desnatado, em pó, Brasil",BRC0038G,"Leite, vaca, desnatado, em pó, Brasil",True,1100.0,560.0,2.7,True,1,regular,1,1,mapping_classification_not_preserved,preserved_map_only; original selection rationale unavailable
"Leite, vaca, desnatado, fluído (média de diferentes amostras)",non_identity_unreviewed,"Leite, vaca, desnatado, fluído (média de diferentes amostras), Brasil",BRC0036G,"Leite, vaca, desnatado, fluído (média de diferentes amostras), Brasil",True,111.0,120.0,1.7,True,215,regular|vegetarian,1,1,mapping_classification_not_preserved,preserved_map_only; original selection rationale unavailable
"Leite, vaca, integral, em pó",non_identity_unreviewed,"Leite, vaca, integral, em pó, Brasil",BRC0041G,"Leite, vaca, integral, em pó, Brasil",True,127.0,135.0,0.8,True,4,regular|vegetarian,1,1,mapping_classification_not_preserved,preserved_map_only; original selection rationale unavailable
"Leite, vaca, integral, fluído",non_identity_unreviewed,"Leite, cabra, integral, fluído, Brasil",BRC0028G,"Leite, cabra, integral, fluído, Brasil",True,127.0,135.0,0.8,True,93,regular|vegetarian,1,1,mapping_classification_not_preserved,preserved_map_only; original selection rationale unavailable
"Leite, vaca, semidesnatado, UHT",non_identity_unreviewed,"Leite, vaca, semidesnatado, UHT, Brasil",BRC0046G,"Leite, vaca, semidesnatado, UHT, Brasil",True,141.0,124.0,1.7,True,31,regular|vegetarian,1,1,mapping_classification_not_preserved,preserved_map_only; original selection rationale unavailable
"Lentilha, cozida, drenada, c/ óleo, cebola e alho, c/ sal",identity,"Lentilha, cozida, drenada, c/ óleo, cebola e alho, c/ sal",BRC0078T,"Lentilha, cozida, drenada, c/ óleo, cebola e alho, c/ sal",True,94.0,149.0,0.2,True,196,regular|vegan|vegetarian,1,1,none,identity_match
"Linhaça, semente",non_identity_unreviewed,"Linhaça, semente, Brasil",BRC0006U,"Linhaça, semente, Brasil",True,63.0,379.0,0.6,True,101,regular|vegan|vegetarian,1,1,mapping_classification_not_preserved,preserved_map_only; original selection rationale unavailable
"Macarrão, trigo, c/ ovos, c/ alho e óleo, c/ sal",identity,"Macarrão, trigo, c/ ovos, c/ alho e óleo, c/ sal",BRC0214A,"Macarrão, trigo, c/ ovos, c/ alho e óleo, c/ sal",True,92.0,105.0,0.6,True,18,regular|vegetarian,1,1,none,identity_match
"Macarrão, trigo, c/ ovos, c/ molho branco (leite, manteiga e farinha de trigo), c/ sal",identity,"Macarrão, trigo, c/ ovos, c/ molho branco (leite, manteiga e farinha de trigo), c/ sal",BRC0220A,"Macarrão, trigo, c/ ovos, c/ molho branco (leite, manteiga e farinha de trigo), c/ sal",True,108.0,97.0,0.7,True,9,vegetarian,1,1,none,identity_match
"Macarrão, trigo, c/ vegetais, c/ sal",non_identity_unreviewed,"Macarrão, trigo, c/ vegetais,  s/ sal",BRC0597A,"Macarrão, trigo, c/ vegetais,  s/ sal",True,137.0,79.0,0.4,True,25,regular|vegan|vegetarian,1,1,mapping_classification_not_preserved,preserved_map_only; original selection rationale unavailable
"Macarrão, trigo, cozido, drenado, s/ óleo, c/ sal",non_identity_unreviewed,"Macarrão, trigo, integral, cozido, drenado, s/ óleo, c/ sal",BRC0835A,"Macarrão, trigo, integral, cozido, drenado, s/ óleo, c/ sal",True,72.0,75.0,0.5,True,103,regular|vegan|vegetarian,2,2,many_used_names_to_one_target|many_map_names_to_one_target|mapping_classification_not_preserved,preserved_map_only; original selection rationale unavailable
"Macarrão, trigo, integral, cozido, drenado, s/ óleo, c/ sal",identity,"Macarrão, trigo, integral, cozido, drenado, s/ óleo, c/ sal",BRC0835A,"Macarrão, trigo, integral, cozido, drenado, s/ óleo, c/ sal",True,72.0,75.0,0.5,True,151,regular|vegan|vegetarian,2,2,many_used_names_to_one_target|many_map_names_to_one_target,identity_match
"Mamão, Papaia, polpa, in natura",non_identity_unreviewed,"Mamão, Papaia, polpa,in natura, Brasil",BRC0044C,"Mamão, Papaia, polpa,in natura, Brasil",True,100.0,34.0,0.7,True,176,regular|vegan|vegetarian,1,1,mapping_classification_not_preserved,preserved_map_only; original selection rationale unavailable
"Mamão, polpa, in natura",non_identity_unreviewed,"Melão, polpa,in natura, Brasil",BRC0028C,"Melão, polpa,in natura, Brasil",True,100.0,34.0,0.7,True,16,vegan|vegetarian,2,2,many_used_names_to_one_target|many_map_names_to_one_target|mapping_classification_not_preserved,preserved_map_only; original selection rationale unavailable
"Mandioca (aipim, macaxeira), s/ casca, cozida, drenada, s/ óleo, c/ sal",identity,"Mandioca (aipim, macaxeira), s/ casca, cozida, drenada, s/ óleo, c/ sal",BRC0908B,"Mandioca (aipim, macaxeira), s/ casca, cozida, drenada, s/ óleo, c/ sal",True,11.0,61.0,0.7,True,95,regular|vegan|vegetarian,1,1,none,identity_match
"Mandioca, farinha, crua",non_identity_unreviewed,"Mandioca, farinha, crua, Brasil",BRC0087B,"Mandioca, farinha, crua, Brasil",True,59.0,165.0,0.9,True,2,regular,1,1,mapping_classification_not_preserved,preserved_map_only; original selection rationale unavailable
"Mandioca, farofa, temperada, c/ sal",non_identity_unreviewed,"Mandioca, farofa, temperada, c/ sal, Brasil",BRC0089B,"Mandioca, farofa, temperada, c/ sal, Brasil",True,59.0,185.0,0.9,True,9,vegan,1,1,mapping_classification_not_preserved,preserved_map_only; original selection rationale unavailable
"Mandioca, s/ casca, cozida, assada, s/ óleo, c/ sal",non_identity_unreviewed,"Mandioca (aipim, macaxeira), s/ casca, cozida, assada, s/ óleo, c/ sal",BRC0361B,"Mandioca (aipim, macaxeira), s/ casca, cozida, assada, s/ óleo, c/ sal",True,36.0,80.0,1.0,True,10,vegan,1,1,mapping_classification_not_preserved,preserved_map_only; original selection rationale unavailable
"Manga, polpa, in natura",non_identity_unreviewed,"Melancia, polpa,in natura, Brasil",BRC0027C,"Melancia, polpa,in natura, Brasil",True,15.0,155.0,0.8,True,6,vegan|vegetarian,2,2,many_used_names_to_one_target|many_map_names_to_one_target|mapping_classification_not_preserved,preserved_map_only; original selection rationale unavailable
"Manteiga, c/ sal",non_identity_unreviewed,"Manteiga, c/ sal, Brasil",BRC0007D,"Manteiga, c/ sal, Brasil",True,910.0,422.0,11.5,True,28,regular|vegetarian,1,1,mapping_classification_not_preserved,preserved_map_only; original selection rationale unavailable
"Margarina, c/ óleo interesterificado (65% lipídeos), s/ sal",non_identity_unreviewed,"Margarina, c/ óleo interesterificado (65% lipídeos), s/ sal, Brasil",BRC0013D,"Margarina, c/ óleo interesterificado (65% lipídeos), s/ sal, Brasil",True,157.0,132.0,6.6,True,20,vegan,1,1,mapping_classification_not_preserved,preserved_map_only; original selection rationale unavailable
"Maçã, c/ casca, in natura",non_identity_unreviewed,"Maçã, Fuji, c/ casca,in natura, Brasil",BRC0064C,"Maçã, Fuji, c/ casca,in natura, Brasil",True,27.0,20.0,0.1,True,194,regular|vegan|vegetarian,1,1,mapping_classification_not_preserved,preserved_map_only; original selection rationale unavailable
"Melado, cana",non_identity_unreviewed,"Melado, cana, Brasil",BRC0029K,"Melado, cana, Brasil",True,77.0,34.0,0.4,True,3,vegan,1,1,mapping_classification_not_preserved,preserved_map_only; original selection rationale unavailable
"Melancia, polpa, in natura",non_identity_unreviewed,"Melancia, polpa,in natura, Brasil",BRC0027C,"Melancia, polpa,in natura, Brasil",True,121.0,38.0,0.8,True,28,regular|vegan|vegetarian,2,2,many_used_names_to_one_target|many_map_names_to_one_target|mapping_classification_not_preserved,preserved_map_only; original selection rationale unavailable
"Melão, polpa, in natura",non_identity_unreviewed,"Melão, polpa,in natura, Brasil",BRC0028C,"Melão, polpa,in natura, Brasil",True,101.0,27.0,0.7,True,125,regular|vegan|vegetarian,2,2,many_used_names_to_one_target|many_map_names_to_one_target|mapping_classification_not_preserved,preserved_map_only; original selection rationale unavailable
"Milho, polenta/fubá, cozido, c/ sal",identity,"Milho, polenta/fubá, cozido, c/ sal",BRC0143A,"Milho, polenta/fubá, cozido, c/ sal",True,45.0,92.0,0.4,True,10,vegan|vegetarian,1,1,none,identity_match
"Milho, verde, grão, cozido, drenado, c/ sal",non_identity_unreviewed,"Milho, verde, grão, cozido, drenado, c/ sal, Brasil",BRC0177A,"Milho, verde, grão, cozido, drenado, c/ sal, Brasil",True,68.0,125.0,0.3,True,7,vegan,1,1,mapping_classification_not_preserved,preserved_map_only; original selection rationale unavailable
"Mingau, de amido de milho (maisena)",non_identity_unreviewed,"Mingau, de amido de milho (maisena), c/ banana",BRC0055G,"Mingau, de amido de milho (maisena), c/ banana",True,126.0,133.0,0.8,True,14,regular|vegetarian,1,1,mapping_classification_not_preserved,preserved_map_only; original selection rationale unavailable
"Mingau, farinha de cereais, c/ leite integral",identity,"Mingau, farinha de cereais, c/ leite integral",BRC0125G,"Mingau, farinha de cereais, c/ leite integral",True,174.0,146.0,0.9,True,1,vegetarian,1,1,none,identity_match
"Morango, in natura",non_identity_unreviewed,"Amora preta,in natura, Brasil",BRC0170C,"Amora preta,in natura, Brasil",True,64.0,59.0,0.2,True,47,regular|vegan|vegetarian,1,2,many_map_names_to_one_target|mapping_classification_not_preserved,preserved_map_only; original selection rationale unavailable
"Mostarda, folha, refogada (c/ óleo, cebola e alho), c/ sal",identity,"Mostarda, folha, refogada (c/ óleo, cebola e alho), c/ sal",BRC0256B,"Mostarda, folha, refogada (c/ óleo, cebola e alho), c/ sal",True,41.0,96.0,0.2,True,1,vegetarian,1,1,none,identity_match
"Nabo, c/ casca, cru",non_identity_unreviewed,"Nabo, c/ casca, cru, Brasil",BRC0077B,"Nabo, c/ casca, cru, Brasil",True,29.0,93.0,0.1,True,1,regular,1,1,mapping_classification_not_preserved,preserved_map_only; original selection rationale unavailable
"Nhoque (batata, ovo, farinha de trigo), cozido, s/ molho, c/ sal",non_identity_unreviewed,"Nhoque (batata, ovo, margarina e farinha de trigo), cozido, s/ molho, c/ sal",BRC0920B,"Nhoque (batata, ovo, margarina e farinha de trigo), cozido, s/ molho, c/ sal",True,157.0,172.0,1.0,True,21,vegetarian,1,1,mapping_classification_not_preserved,preserved_map_only; original selection rationale unavailable
"Noz, crua",non_identity_unreviewed,"Noz, crua, Brasil",BRC0009U,"Noz, crua, Brasil",True,288.0,1912.0,3.4,True,101,regular|vegan|vegetarian,1,1,mapping_classification_not_preserved,preserved_map_only; original selection rationale unavailable
"Omelete, c/ ovo de galinha, c/ queijo muçarela, c/ sal",identity,"Omelete, c/ ovo de galinha, c/ queijo muçarela, c/ sal",BRC0031J,"Omelete, c/ ovo de galinha, c/ queijo muçarela, c/ sal",True,474.0,426.0,2.7,True,21,regular|vegetarian,1,1,none,identity_match
"Omelete, frios, c/ sal",identity,"Omelete, frios, c/ sal",BRC0036J,"Omelete, frios, c/ sal",True,559.0,482.0,2.6,True,11,regular|vegetarian,1,1,none,identity_match
"Omelete, vegetais, c/ sal",identity,"Omelete, vegetais, c/ sal",BRC0037J,"Omelete, vegetais, c/ sal",True,323.0,242.0,1.7,True,86,regular|vegetarian,1,1,none,identity_match
"Ovo, galinha, inteiro, cozido, c/ sal",identity,"Ovo, galinha, inteiro, cozido, c/ sal",BRC0023J,"Ovo, galinha, inteiro, cozido, c/ sal",True,380.0,338.0,2.3,True,154,regular|vegetarian,1,1,none,identity_match
"Ovo, galinha, inteiro, frito (c/ óleo de soja), c/ sal",identity,"Ovo, galinha, inteiro, frito (c/ óleo de soja), c/ sal",BRC0028J,"Ovo, galinha, inteiro, frito (c/ óleo de soja), c/ sal",True,360.0,345.0,2.4,True,27,regular|vegetarian,1,1,none,identity_match
"Ovo, galinha, mexido, c/ margarina, c/ sal",non_identity_unreviewed,"Ovo, galinha, mexido, c/ margarina, c/ sal, Brasil",BRC0027J,"Ovo, galinha, mexido, c/ margarina, c/ sal, Brasil",True,364.0,329.0,2.5,True,120,regular|vegetarian,1,1,mapping_classification_not_preserved,preserved_map_only; original selection rationale unavailable
"Palmito, conversa, drenado (média de variedades - Pupunha e Juçara)",non_identity_unreviewed,"Palmito, conversa, drenado (média de variedades - Pupunha e Juçara), Brasil",BRC0078B,"Palmito, conversa, drenado (média de variedades - Pupunha e Juçara), Brasil",True,111.0,769.0,0.6,True,1,vegetarian,1,1,mapping_classification_not_preserved,preserved_map_only; original selection rationale unavailable
"Peixe, água doce, filé, ensopado (c/ cebola, tomate e pimentão), c/ óleo, c/ sal (média de 7 espécies)",identity,"Peixe, água doce, filé, ensopado (c/ cebola, tomate e pimentão), c/ óleo, c/ sal (média de 7 espécies)",BRC0113E,"Peixe, água doce, filé, ensopado (c/ cebola, tomate e pimentão), c/ óleo, c/ sal (média de 7 espécies)",True,711.0,22.0,24.2,True,1,regular,1,1,none,identity_match
"Peixe, água doce, filé, grelhado/assado, s/ óleo, c/ sal (média de 7 espécies)",identity,"Peixe, água doce, filé, grelhado/assado, s/ óleo, c/ sal (média de 7 espécies)",BRC0104E,"Peixe, água doce, filé, grelhado/assado, s/ óleo, c/ sal (média de 7 espécies)",True,615.0,0.0,22.7,True,17,regular,2,2,many_used_names_to_one_target|many_map_names_to_one_target,identity_match
"Peixe, água doce, filé, grelhado/assado, s/ óleo, s/ sal (média de 7 espécies)",non_identity_unreviewed,"Peixe, água doce, filé, grelhado/assado, s/ óleo, c/ sal (média de 7 espécies)",BRC0104E,"Peixe, água doce, filé, grelhado/assado, s/ óleo, c/ sal (média de 7 espécies)",True,615.0,0.0,22.7,True,9,regular,2,2,many_used_names_to_one_target|many_map_names_to_one_target|mapping_classification_not_preserved,preserved_map_only; original selection rationale unavailable
"Peixe, água doce, filé, refogado (c/ óleo, cebola e alho), c/ sal (média de 7 espécies)",identity,"Peixe, água doce, filé, refogado (c/ óleo, cebola e alho), c/ sal (média de 7 espécies)",BRC0111E,"Peixe, água doce, filé, refogado (c/ óleo, cebola e alho), c/ sal (média de 7 espécies)",True,457.0,10.0,36.9,True,1,regular,1,1,none,identity_match
"Peixe, água salgada, atum, assado/grelhado, s/ óleo, c/ sal",identity,"Peixe, água salgada, atum, assado/grelhado, s/ óleo, c/ sal",BRC0130E,"Peixe, água salgada, atum, assado/grelhado, s/ óleo, c/ sal",True,613.0,0.0,22.7,True,16,regular,1,1,none,identity_match
"Peixe, água salgada, atum, sólido, conserva, light",non_identity_unreviewed,"Peixe, água salgada, atum, sólido, conserva, light, Brasil",BRC0053N,"Peixe, água salgada, atum, sólido, conserva, light, Brasil",True,655.0,63.0,5.2,True,2,regular,1,1,mapping_classification_not_preserved,preserved_map_only; original selection rationale unavailable
"Peixe, água salgada, filé/ posta, assado/grelhado, s/ óleo, c/ sal (média de várias espécies)",identity,"Peixe, água salgada, filé/ posta, assado/grelhado, s/ óleo, c/ sal (média de várias espécies)",BRC0215E,"Peixe, água salgada, filé/ posta, assado/grelhado, s/ óleo, c/ sal (média de várias espécies)",True,618.0,0.0,31.6,True,24,regular,1,1,none,identity_match
"Peixe, água salgada, sardinha, filé, conserva, em óleo",non_identity_unreviewed,"Peixe, água salgada, sardinha, filé, conserva, em óleo, Brasil",BRC0073E,"Peixe, água salgada, sardinha, filé, conserva, em óleo, Brasil",True,655.0,63.0,5.2,True,2,regular,1,1,mapping_classification_not_preserved,preserved_map_only; original selection rationale unavailable
"Pepino, c/ casca, cru",non_identity_unreviewed,"Pepino, c/ casca, cru, Brasil",BRC0030B,"Pepino, c/ casca, cru, Brasil",True,43.0,106.0,0.4,True,84,regular|vegan|vegetarian,1,1,mapping_classification_not_preserved,preserved_map_only; original selection rationale unavailable
"Pequi, polpa, maduro, cru",non_identity_unreviewed,"Pequi, polpa, cozido, s/ óleo, c/ sal",BRC0930B,"Pequi, polpa, cozido, s/ óleo, c/ sal",True,67.0,446.0,0.5,True,1,vegetarian,1,2,many_map_names_to_one_target|mapping_classification_not_preserved,preserved_map_only; original selection rationale unavailable
"Pera, in natura",non_identity_unreviewed,"Pitaia,in natura",BRC0225C,"Pitaia,in natura",True,14.0,129.0,0.2,True,147,regular|vegan|vegetarian,5,10,many_used_names_to_one_target|many_map_names_to_one_target|mapping_classification_not_preserved,preserved_map_only; original selection rationale unavailable
"Pimentão, cru",non_identity_unreviewed,"Pimentão, verde, cru, Brasil",BRC0037B,"Pimentão, verde, cru, Brasil",True,40.0,96.0,0.2,True,1,regular,1,1,mapping_classification_not_preserved,preserved_map_only; original selection rationale unavailable
"Pimentão, refogado, c/ sal",non_identity_unreviewed,"Legumes refogados, c/ sal",BRC0719B,"Legumes refogados, c/ sal",True,55.0,103.0,0.2,True,10,vegan,1,2,many_map_names_to_one_target|mapping_classification_not_preserved,preserved_map_only; original selection rationale unavailable
"Pinhão, cozido, s/ sal",non_identity_unreviewed,"Pinhão, cozido, s/ sal, Brasil",BRC0007U,"Pinhão, cozido, s/ sal, Brasil",True,405.0,1912.0,3.4,True,22,vegan|vegetarian,1,1,mapping_classification_not_preserved,preserved_map_only; original selection rationale unavailable
"Pistache, cru, s/ sal",non_identity_unreviewed,"Pistache, cru, s/ sal (dado importado)",BRC0015U,"Pistache, cru, s/ sal (dado importado)",True,580.0,1642.0,2.9,True,29,vegan|vegetarian,1,1,mapping_classification_not_preserved,preserved_map_only; original selection rationale unavailable
"Pizza, Marguerita, caseira",identity,"Pizza, Marguerita, caseira",BRC0685A,"Pizza, Marguerita, caseira",True,448.0,196.0,1.1,True,1,vegetarian,2,2,many_used_names_to_one_target|many_map_names_to_one_target,identity_match
"Pizza, muçarela, caseira",non_identity_unreviewed,"Pizza, Marguerita, caseira",BRC0685A,"Pizza, Marguerita, caseira",True,558.0,281.0,1.5,True,26,regular|vegetarian,2,2,many_used_names_to_one_target|many_map_names_to_one_target|mapping_classification_not_preserved,preserved_map_only; original selection rationale unavailable
"Pizza, vegetariana, caseira",identity,"Pizza, vegetariana, caseira",BRC0687A,"Pizza, vegetariana, caseira",True,364.0,139.0,0.6,True,4,vegetarian,1,1,none,identity_match
"Presunto, porco, cozido, s/ capa de gordura",non_identity_unreviewed,"Presunto, porco, cozido, s/ capa de gordura, Brasil",BRC0248F,"Presunto, porco, cozido, s/ capa de gordura, Brasil",True,1450.0,874.0,5.2,True,8,regular,1,1,mapping_classification_not_preserved,preserved_map_only; original selection rationale unavailable
Pudim de leite,non_identity_unreviewed,"Pudim de leite, Brasil",BRC0227K,"Pudim de leite, Brasil",True,244.0,186.0,0.9,True,1,vegetarian,1,1,mapping_classification_not_preserved,preserved_map_only; original selection rationale unavailable
"Pão de alho, assado",identity,"Pão de alho, assado",BRC0830A,"Pão de alho, assado",True,162.0,212.0,1.2,True,2,regular,1,1,none,identity_match
"Pão francês, trigo, branco, de padaria (médias de diferentes amostras)",non_identity_unreviewed,"Queijo, prato, Brasil (média de diferentes amostras)",BRC0064G,"Queijo, prato, Brasil (média de diferentes amostras)",True,55.0,187.0,0.5,True,238,regular|vegan|vegetarian,2,2,many_used_names_to_one_target|many_map_names_to_one_target|mapping_classification_not_preserved,preserved_map_only; original selection rationale unavailable
"Pão, de queijo, industrializado, assado",non_identity_unreviewed,"Pão, de queijo, industrializado, assado, Brasil",BRC0123B,"Pão, de queijo, industrializado, assado, Brasil",True,55.0,187.0,0.5,True,29,regular|vegetarian,1,1,mapping_classification_not_preserved,preserved_map_only; original selection rationale unavailable
"Pão, milho, forma",identity,"Pão, milho, forma",BRC0146A,"Pão, milho, forma",True,126.0,105.0,0.7,True,15,regular|vegetarian,1,1,none,identity_match
"Pão, sírio, branco",non_identity_unreviewed,"Pão, trigo, integral",BRC0149A,"Pão, trigo, integral",True,126.0,105.0,0.7,True,99,regular|vegan|vegetarian,3,5,many_used_names_to_one_target|many_map_names_to_one_target|mapping_classification_not_preserved,preserved_map_only; original selection rationale unavailable
"Pão, trigo, branco, hamburguer/hot dog/leite, de padaria (média de diferentes tipos)",non_identity_unreviewed,"Pão, c/ farinha de trigo refinada, de padaria, hamburguer/hot dog/leite, Brasil (média de diferentes tipos)",BRC0004A,"Pão, c/ farinha de trigo refinada, de padaria, hamburguer/hot dog/leite, Brasil (média de diferentes tipos)",True,126.0,105.0,0.7,True,1,regular,1,1,mapping_classification_not_preserved,preserved_map_only; original selection rationale unavailable
"Pão, trigo, ciabatta",non_identity_unreviewed,"Pão, trigo, integral",BRC0149A,"Pão, trigo, integral",True,55.0,187.0,0.5,True,1,vegetarian,3,5,many_used_names_to_one_target|many_map_names_to_one_target|mapping_classification_not_preserved,preserved_map_only; original selection rationale unavailable
"Pão, trigo, integral, caseiro",non_identity_unreviewed,"Pão, trigo, integral",BRC0149A,"Pão, trigo, integral",True,126.0,105.0,0.7,True,15,regular|vegan,3,5,many_used_names_to_one_target|many_map_names_to_one_target|mapping_classification_not_preserved,preserved_map_only; original selection rationale unavailable
"Pão, trigo, integral, forma (média de diferentes marcas)",non_identity_unreviewed,"Trigo, farinha integral, crua , Brasil (média de diferentes amostras)",BRC0132A,"Trigo, farinha integral, crua , Brasil (média de diferentes amostras)",True,126.0,105.0,0.7,True,184,regular|vegan|vegetarian,1,1,mapping_classification_not_preserved,preserved_map_only; original selection rationale unavailable
"Pão, trigo, leite, industrializado (média de diferentes marcas)",non_identity_unreviewed,"Bolo, industrializado (média de diferentes sabores), Brasil",BRC0069A,"Bolo, industrializado (média de diferentes sabores), Brasil",True,126.0,105.0,0.7,True,17,vegetarian,1,4,many_map_names_to_one_target|mapping_classification_not_preserved,preserved_map_only; original selection rationale unavailable
"Pêssego, in natura",non_identity_unreviewed,"Pêssego,in natura, Brasil",BRC0031C,"Pêssego,in natura, Brasil",True,43.0,156.0,0.7,True,1,vegetarian,1,1,mapping_classification_not_preserved,preserved_map_only; original selection rationale unavailable
"Queijo, coalho",non_identity_unreviewed,"Queijo, coalho, Brasil",BRC0048G,"Queijo, coalho, Brasil",True,876.0,592.0,4.1,True,62,regular|vegetarian,1,1,mapping_classification_not_preserved,preserved_map_only; original selection rationale unavailable
"Queijo, minas, frescal, light",non_identity_unreviewed,"Queijo, minas, frescal, light, Brasil",BRC0037N,"Queijo, minas, frescal, light, Brasil",True,835.0,375.0,5.4,True,139,regular|vegetarian,2,2,many_used_names_to_one_target|many_map_names_to_one_target|mapping_classification_not_preserved,preserved_map_only; original selection rationale unavailable
"Queijo, minas, padrão (média de diferentes amostras)",non_identity_unreviewed,"Queijo, minas, padrão (média de diferentes amostras), Brasil",BRC0056G,"Queijo, minas, padrão (média de diferentes amostras), Brasil",True,835.0,375.0,5.4,True,31,regular|vegetarian,1,1,mapping_classification_not_preserved,preserved_map_only; original selection rationale unavailable
"Queijo, muçarela (média de diferentes amostras)",non_identity_unreviewed,"Queijo, prato, Brasil (média de diferentes amostras)",BRC0064G,"Queijo, prato, Brasil (média de diferentes amostras)",True,923.0,712.0,3.6,True,9,regular|vegetarian,2,2,many_used_names_to_one_target|many_map_names_to_one_target|mapping_classification_not_preserved,preserved_map_only; original selection rationale unavailable
"Queijo, muçarela, light",non_identity_unreviewed,"Queijo, minas, frescal, light, Brasil",BRC0037N,"Queijo, minas, frescal, light, Brasil",True,923.0,699.0,3.6,True,80,regular|vegetarian,2,2,many_used_names_to_one_target|many_map_names_to_one_target|mapping_classification_not_preserved,preserved_map_only; original selection rationale unavailable
"Queijo, parmesão, ralado",non_identity_unreviewed,"Queijo, parmesão, ralado, Brasil",BRC0061G,"Queijo, parmesão, ralado, Brasil",True,876.0,597.0,4.1,True,30,vegetarian,1,1,mapping_classification_not_preserved,preserved_map_only; original selection rationale unavailable
"Queijo, pasteurizado",non_identity_unreviewed,"Queijo, pasteurizado, Brasil",BRC0063G,"Queijo, pasteurizado, Brasil",True,876.0,592.0,4.1,True,1,vegetarian,1,1,mapping_classification_not_preserved,preserved_map_only; original selection rationale unavailable
"Queijo, pasteurizado (média de diferentes amostras)",non_identity_unreviewed,"Queijo, pasteurizado (média de diferentes amostras), Brasil",BRC0062G,"Queijo, pasteurizado (média de diferentes amostras), Brasil",True,876.0,592.0,4.1,True,9,vegetarian,1,1,mapping_classification_not_preserved,preserved_map_only; original selection rationale unavailable
"Queijo, prato",non_identity_unreviewed,"Queijo, tilsit",BRC0071G,"Queijo, tilsit",True,876.0,592.0,4.1,True,12,regular|vegetarian,1,1,mapping_classification_not_preserved,preserved_map_only; original selection rationale unavailable
"Queijo, requeijão (média de diferentes amostras)",non_identity_unreviewed,"Queijo, requeijão (média de diferentes amostras), Brasil",BRC0066G,"Queijo, requeijão (média de diferentes amostras), Brasil",True,400.0,262.0,1.4,True,37,regular|vegetarian,1,1,mapping_classification_not_preserved,preserved_map_only; original selection rationale unavailable
"Queijo, requeijão, zero % gordura",non_identity_unreviewed,"Queijo, requeijão, zero % gordura, Brasil",BRC0041N,"Queijo, requeijão, zero % gordura, Brasil",True,400.0,262.0,1.4,True,1,vegetarian,1,1,mapping_classification_not_preserved,preserved_map_only; original selection rationale unavailable
"Queijo, ricota",non_identity_unreviewed,"Queijo, ricota, Brasil",BRC0051G,"Queijo, ricota, Brasil",True,400.0,262.0,1.4,True,34,regular|vegetarian,1,1,mapping_classification_not_preserved,preserved_map_only; original selection rationale unavailable
"Queijo, ricota, light",non_identity_unreviewed,"Queijo, ricota, light, Brasil",BRC0075N,"Queijo, ricota, light, Brasil",True,400.0,262.0,1.4,True,21,regular|vegetarian,1,1,mapping_classification_not_preserved,preserved_map_only; original selection rationale unavailable
"Quiabo, c/ casca, refogado (c/ óleo, cebola e alho), c/ sal",identity,"Quiabo, c/ casca, refogado (c/ óleo, cebola e alho), c/ sal",BRC0200B,"Quiabo, c/ casca, refogado (c/ óleo, cebola e alho), c/ sal",True,55.0,104.0,0.2,True,10,vegan,1,1,none,identity_match
"Quinoa, grão, cozida, s/ óleo, s/ sal",non_identity_unreviewed,"Quinoa, grão, cozida, s/ óleo, s/ sal (dado importado)",BRC0399A,"Quinoa, grão, cozida, s/ óleo, s/ sal (dado importado)",True,91.0,198.0,0.3,True,77,vegan|vegetarian,1,1,mapping_classification_not_preserved,preserved_map_only; original selection rationale unavailable
"Rabanete, c/ casca, cru",non_identity_unreviewed,"Rabanete, c/ casca, cru, Brasil",BRC0079B,"Rabanete, c/ casca, cru, Brasil",True,14.0,103.0,0.1,True,2,vegetarian,1,1,mapping_classification_not_preserved,preserved_map_only; original selection rationale unavailable
"Repolho, branco, refogado (c/ óleo, cebola e alho), c/ sal",identity,"Repolho, branco, refogado (c/ óleo, cebola e alho), c/ sal",BRC0161B,"Repolho, branco, refogado (c/ óleo, cebola e alho), c/ sal",True,27.0,94.0,0.2,True,12,vegan|vegetarian,1,1,none,identity_match
"Repolho, cru",non_identity_unreviewed,"Repolho, roxo, cru, Brasil",BRC0080B,"Repolho, roxo, cru, Brasil",True,13.0,96.0,0.1,True,46,regular|vegan|vegetarian,2,2,many_used_names_to_one_target|many_map_names_to_one_target|mapping_classification_not_preserved,preserved_map_only; original selection rationale unavailable
"Repolho, roxo, cru",non_identity_unreviewed,"Repolho, roxo, cru, Brasil",BRC0080B,"Repolho, roxo, cru, Brasil",True,28.0,96.0,0.1,True,17,regular|vegan|vegetarian,2,2,many_used_names_to_one_target|many_map_names_to_one_target|mapping_classification_not_preserved,preserved_map_only; original selection rationale unavailable
"Risoto de cogumelos, c/ arroz polido, c/ sal",identity,"Risoto de cogumelos, c/ arroz polido, c/ sal",BRC0626A,"Risoto de cogumelos, c/ arroz polido, c/ sal",True,188.0,122.0,1.0,True,16,vegan|vegetarian,2,2,many_used_names_to_one_target|many_map_names_to_one_target,identity_match
"Risoto de legumes, c/ arroz polido, c/ sal",non_identity_unreviewed,"Risoto de cogumelos, c/ arroz polido, c/ sal",BRC0626A,"Risoto de cogumelos, c/ arroz polido, c/ sal",True,203.0,127.0,1.4,True,41,regular|vegan|vegetarian,2,2,many_used_names_to_one_target|many_map_names_to_one_target|mapping_classification_not_preserved,preserved_map_only; original selection rationale unavailable
"Rúcula, crua",non_identity_unreviewed,"Rúcula, crua, Brasil",BRC0081B,"Rúcula, crua, Brasil",True,35.0,121.0,0.2,True,10,regular|vegan|vegetarian,1,1,mapping_classification_not_preserved,preserved_map_only; original selection rationale unavailable
"Salada de frutas, c/ açúcar",identity,"Salada de frutas, c/ açúcar",BRC0188C,"Salada de frutas, c/ açúcar",True,74.0,65.0,0.6,True,56,regular|vegan|vegetarian,1,1,none,identity_match
"Salada de legumes, cozidos no vapor",identity,"Salada de legumes, cozidos no vapor",BRC0919B,"Salada de legumes, cozidos no vapor",True,109.0,89.0,0.7,True,34,regular|vegan|vegetarian,1,1,none,identity_match
"Salada, alface crespa, c/ óleo de soja, c/ sal",identity,"Salada, alface crespa, c/ óleo de soja, c/ sal",BRC0580B,"Salada, alface crespa, c/ óleo de soja, c/ sal",True,60.0,68.0,0.4,True,37,regular|vegan|vegetarian,1,1,none,identity_match
"Salada, beterraba cozida, c/ óleo de soja, c/ sal",identity,"Salada, beterraba cozida, c/ óleo de soja, c/ sal",BRC0489B,"Salada, beterraba cozida, c/ óleo de soja, c/ sal",True,33.0,113.0,0.2,True,22,regular|vegan|vegetarian,1,1,none,identity_match
"Salada, brócolis, cozido, c/ óleo de soja, c/ sal",identity,"Salada, brócolis, cozido, c/ óleo de soja, c/ sal",BRC0640B,"Salada, brócolis, cozido, c/ óleo de soja, c/ sal",True,59.0,102.0,0.3,True,6,vegetarian,1,1,none,identity_match
"Salada, couve-flor, cozida, c/ óleo de soja, c/ sal",identity,"Salada, couve-flor, cozida, c/ óleo de soja, c/ sal",BRC0569B,"Salada, couve-flor, cozida, c/ óleo de soja, c/ sal",True,56.0,111.0,0.3,True,2,regular|vegetarian,1,1,none,identity_match
"Salada, folhas e vegetais, c/ óleo de soja e c/ sal",non_identity_unreviewed,"Salada, folhas e vegetais, c/ óleo de soja, c/ sal",BRC0404B,"Salada, folhas e vegetais, c/ óleo de soja, c/ sal",True,121.0,163.0,1.0,True,33,regular|vegan|vegetarian,1,1,mapping_classification_not_preserved,preserved_map_only; original selection rationale unavailable
"Salada, folhas, c/ óleo de soja, c/ sal",identity,"Salada, folhas, c/ óleo de soja, c/ sal",BRC0398B,"Salada, folhas, c/ óleo de soja, c/ sal",True,46.0,92.0,0.4,True,5,vegetarian,1,1,none,identity_match
"Salada, legumes cozidos, c/ óleo de soja, c/ sal",identity,"Salada, legumes cozidos, c/ óleo de soja, c/ sal",BRC0370B,"Salada, legumes cozidos, c/ óleo de soja, c/ sal",True,79.0,103.0,0.8,True,16,vegan|vegetarian,1,1,none,identity_match
"Salada, palmito, c/ óleo de soja, c/ sal",identity,"Salada, palmito, c/ óleo de soja, c/ sal",BRC0609B,"Salada, palmito, c/ óleo de soja, c/ sal",True,105.0,252.0,0.7,True,9,regular|vegetarian,1,1,none,identity_match
"Salada, pepino, c/ óleo de soja, c/ sal",identity,"Salada, pepino, c/ óleo de soja, c/ sal",BRC0523B,"Salada, pepino, c/ óleo de soja, c/ sal",True,62.0,122.0,0.5,True,10,regular|vegetarian,1,1,none,identity_match
"Salada, repolho, branco, cru, c/ molho vinagrete (tomate, cebola, salsinha, vinagre e óleo), c/ sal",identity,"Salada, repolho, branco, cru, c/ molho vinagrete (tomate, cebola, salsinha, vinagre e óleo), c/ sal",BRC0186B,"Salada, repolho, branco, cru, c/ molho vinagrete (tomate, cebola, salsinha, vinagre e óleo), c/ sal",True,25.0,97.0,0.2,True,31,regular|vegan|vegetarian,1,1,none,identity_match
"Salada, tomate, c/ óleo de soja, c/ sal",identity,"Salada, tomate, c/ óleo de soja, c/ sal",BRC0558B,"Salada, tomate, c/ óleo de soja, c/ sal",True,81.0,62.0,0.3,True,21,regular|vegetarian,1,1,none,identity_match
"Salada, vegetais crus, s/ óleo, s/ sal",identity,"Salada, vegetais crus, s/ óleo, s/ sal",BRC0427B,"Salada, vegetais crus, s/ óleo, s/ sal",True,58.0,30.0,0.1,True,3,vegan|vegetarian,1,1,none,identity_match
"Sanduíche, pão francês, c/ manteiga",identity,"Sanduíche, pão francês, c/ manteiga",BRC0418A,"Sanduíche, pão francês, c/ manteiga",True,350.0,195.0,3.8,True,1,regular,1,1,none,identity_match
"Sanduíche, queijo quente, pão francês, c/ queijo muçarela e manteiga",non_identity_unreviewed,"Sanduíche, queijo quente, pão francês, c/ queijo muçarela, c/ manteiga",BRC0280A,"Sanduíche, queijo quente, pão francês, c/ queijo muçarela, c/ manteiga",True,487.0,420.0,2.8,True,2,regular,1,1,mapping_classification_not_preserved,preserved_map_only; original selection rationale unavailable
"Semente de abóbora, inteira, torrada, s/ óleo, s/ sal",identity,"Semente de abóbora, inteira, torrada, s/ óleo, s/ sal",BRC0024U,"Semente de abóbora, inteira, torrada, s/ óleo, s/ sal",True,63.0,685.0,0.6,True,59,vegan|vegetarian,1,1,none,identity_match
"Semente de girassol, torrada, s/ óleo, s/ sal",identity,"Semente de girassol, torrada, s/ óleo, s/ sal",BRC0025U,"Semente de girassol, torrada, s/ óleo, s/ sal",True,63.0,325.0,0.6,True,89,regular|vegan|vegetarian,1,1,none,identity_match
"Soja, extrato, bebida (média de diferentes sabores)",non_identity_unreviewed,"Soja, extrato, bebida (média de diferentes sabores), Brasil",BRC0042T,"Soja, extrato, bebida (média de diferentes sabores), Brasil",True,79.0,1154.0,5.8,True,17,vegan,2,2,many_used_names_to_one_target|many_map_names_to_one_target|mapping_classification_not_preserved,preserved_map_only; original selection rationale unavailable
"Soja, extrato, bebida, natural (média de diferentes amostras)",non_identity_unreviewed,"Soja, extrato, bebida (média de diferentes sabores), Brasil",BRC0042T,"Soja, extrato, bebida (média de diferentes sabores), Brasil",True,94.0,41.0,5.8,True,76,vegan,2,2,many_used_names_to_one_target|many_map_names_to_one_target|mapping_classification_not_preserved,preserved_map_only; original selection rationale unavailable
"Soja, extrato, solúvel, em pó",non_identity_unreviewed,"Soja, extrato, solúvel, em pó, Brasil",BRC0048T,"Soja, extrato, solúvel, em pó, Brasil",True,89.0,385.0,5.8,True,8,vegan,1,1,mapping_classification_not_preserved,preserved_map_only; original selection rationale unavailable
"Soja, grão, cozido, drenado, c/ sal",non_identity_unreviewed,"Soja, grão, cozido, drenado, s/ óleo, c/ sal",BRC0148T,"Soja, grão, cozido, drenado, s/ óleo, c/ sal",True,34.0,76.0,0.2,True,33,vegan|vegetarian,1,1,mapping_classification_not_preserved,preserved_map_only; original selection rationale unavailable
"Soja, proteína, texturizada, hidratada (c/ caldo de legumes), refogada, c/ óleo, cebola e alho, c/ sal",non_identity_unreviewed,"Soja, proteína, texturizada, hidratada (c/ caldo de legumes), refogada, c/ óleo de soja, cebola e alho, c/ sal, Brasil",BRC0169T,"Soja, proteína, texturizada, hidratada (c/ caldo de legumes), refogada, c/ óleo de soja, cebola e alho, c/ sal, Brasil",True,103.0,92.0,0.2,True,112,vegan|vegetarian,1,1,mapping_classification_not_preserved,preserved_map_only; original selection rationale unavailable
"Soja, tofu",non_identity_unreviewed,"Óleo, soja, frito",BRC0048D,"Óleo, soja, frito",True,156.0,259.0,0.5,True,92,regular|vegan|vegetarian,2,2,many_used_names_to_one_target|many_map_names_to_one_target|mapping_classification_not_preserved,preserved_map_only; original selection rationale unavailable
"Sopa, abóbora, cabotian (japonesa), c/ sal",identity,"Sopa, abóbora, cabotian (japonesa), c/ sal",BRC0268B,"Sopa, abóbora, cabotian (japonesa), c/ sal",True,102.0,62.0,0.1,True,7,regular|vegetarian,1,1,none,identity_match
"Sopa, carne bovina, c/ macarrão, c/ vegetais, c/ sal",identity,"Sopa, carne bovina, c/ macarrão, c/ vegetais, c/ sal",BRC0959F,"Sopa, carne bovina, c/ macarrão, c/ vegetais, c/ sal",True,1156.0,729.0,4.3,True,1,regular,1,1,none,identity_match
"Sopa, feijão, preto, c/ macarrão, c/ sal",identity,"Sopa, feijão, preto, c/ macarrão, c/ sal",BRC0129T,"Sopa, feijão, preto, c/ macarrão, c/ sal",True,167.0,126.0,0.4,True,25,regular|vegetarian,1,1,none,identity_match
"Sopa, feijão, preto, c/ sal",identity,"Sopa, feijão, preto, c/ sal",BRC0127T,"Sopa, feijão, preto, c/ sal",True,160.0,133.0,0.4,True,7,vegan,1,1,none,identity_match
"Sopa, legumes, c/ sal",identity,"Sopa, legumes, c/ sal",BRC0272B,"Sopa, legumes, c/ sal",True,136.0,70.0,0.2,True,19,regular|vegetarian,1,1,none,identity_match
"Sopa, peito de frango, c/ vegetais, c/ sal",identity,"Sopa, peito de frango, c/ vegetais, c/ sal",BRC0499F,"Sopa, peito de frango, c/ vegetais, c/ sal",True,282.0,221.0,1.1,True,1,regular,1,1,none,identity_match
Strogonoff de soja,identity,Strogonoff de soja,BRC0171T,Strogonoff de soja,True,157.0,87.0,0.5,True,33,vegan,1,1,none,identity_match
"Suco natural, abacaxi, s/ açúcar",identity,"Suco natural, abacaxi, s/ açúcar",BRC0109C,"Suco natural, abacaxi, s/ açúcar",True,14.0,8.0,0.3,True,70,regular|vegan|vegetarian,1,1,none,identity_match
"Suco natural, acerola, s/ açúcar",identity,"Suco natural, acerola, s/ açúcar",BRC0149C,"Suco natural, acerola, s/ açúcar",True,14.0,93.0,0.1,True,3,regular,1,1,none,identity_match
"Suco natural, goiaba, vermelha, s/ açúcar",identity,"Suco natural, goiaba, vermelha, s/ açúcar",BRC0121C,"Suco natural, goiaba, vermelha, s/ açúcar",True,7.0,77.0,0.4,True,13,vegan|vegetarian,1,1,none,identity_match
"Suco natural, laranja, mamão, pera e maçã, s/ açúcar",non_identity_unreviewed,"Suco natural, laranja, mamão, pera e maçã, c/ açúcar",BRC0130C,"Suco natural, laranja, mamão, pera e maçã, c/ açúcar",True,41.0,59.0,0.6,True,7,regular|vegetarian,1,1,mapping_classification_not_preserved,preserved_map_only; original selection rationale unavailable
"Suco natural, manga, s/ açúcar",identity,"Suco natural, manga, s/ açúcar",BRC0141C,"Suco natural, manga, s/ açúcar",True,5.0,50.0,0.3,True,10,vegan,1,1,none,identity_match
"Suco natural, melancia, c/ açúcar",identity,"Suco natural, melancia, c/ açúcar",BRC0208C,"Suco natural, melancia, c/ açúcar",True,93.0,32.0,0.6,True,18,vegan|vegetarian,1,1,none,identity_match
"Suco natural, melão, s/ açúcar",identity,"Suco natural, melão, s/ açúcar",BRC0145C,"Suco natural, melão, s/ açúcar",True,56.0,15.0,0.4,True,14,regular|vegan,1,1,none,identity_match
"Suco natural, morango, s/ açúcar",identity,"Suco natural, morango, s/ açúcar",BRC0147C,"Suco natural, morango, s/ açúcar",True,35.0,32.0,0.1,True,10,vegan,1,1,none,identity_match
"Suco, clorofila",non_identity_unreviewed,"Suco, clorofila, s/ açúcar, Brasil",BRC0198C,"Suco, clorofila, s/ açúcar, Brasil",True,14.0,41.0,0.2,True,4,vegan,1,1,mapping_classification_not_preserved,preserved_map_only; original selection rationale unavailable
"Suco, laranja, s/ açúcar",non_identity_unreviewed,"Suco, laranjada, c/ açúcar",BRC0108C,"Suco, laranjada, c/ açúcar",True,65.0,52.0,1.1,True,255,regular|vegan|vegetarian,2,2,many_used_names_to_one_target|many_map_names_to_one_target|mapping_classification_not_preserved,preserved_map_only; original selection rationale unavailable
"Suco, laranjada, c/ açúcar",identity,"Suco, laranjada, c/ açúcar",BRC0108C,"Suco, laranjada, c/ açúcar",True,18.0,28.0,0.3,True,3,vegetarian,2,2,many_used_names_to_one_target|many_map_names_to_one_target,identity_match
"Suco, limonada), s/ açúcar",non_identity_unreviewed,"Suco, limonada, s/ açúcar",BRC0161C,"Suco, limonada, s/ açúcar",True,20.0,1.0,2.1,True,1,vegan,1,1,mapping_classification_not_preserved,preserved_map_only; original selection rationale unavailable
"Suflê, cenoura, c/ molho branco, c/ sal",identity,"Suflê, cenoura, c/ molho branco, c/ sal",BRC0616A,"Suflê, cenoura, c/ molho branco, c/ sal",True,203.0,157.0,1.1,True,9,vegetarian,1,1,none,identity_match
Tahini (pasta de gergelim),non_identity_unreviewed,Tahini (pasta de gergelim) (dado importado),BRC0023U,Tahini (pasta de gergelim) (dado importado),True,205.0,447.0,6.6,True,71,vegan,1,1,mapping_classification_not_preserved,preserved_map_only; original selection rationale unavailable
"Taioba, folha, cozida, drenada, s/ óleo, c/ sal",identity,"Taioba, folha, cozida, drenada, s/ óleo, c/ sal",BRC0238B,"Taioba, folha, cozida, drenada, s/ óleo, c/ sal",True,23.0,68.0,0.8,True,1,vegetarian,1,1,none,identity_match
"Tangerina, Ponkã, in natura",non_identity_unreviewed,"Tangerina, Ponkã,in natura, Brasil",BRC0032C,"Tangerina, Ponkã,in natura, Brasil",True,78.0,73.0,0.7,True,48,regular|vegan|vegetarian,1,1,mapping_classification_not_preserved,preserved_map_only; original selection rationale unavailable
"Tapioca, c/ leite condensado e coco",non_identity_unreviewed,"Tapioca*, c/ leite condensado** e coco, Brasil",BRC0839B,"Tapioca*, c/ leite condensado** e coco, Brasil",True,350.0,269.0,1.3,True,2,vegetarian,1,1,mapping_classification_not_preserved,preserved_map_only; original selection rationale unavailable
"Tapioca, sem manteiga, sem recheio",identity,"Tapioca, sem manteiga, sem recheio",BRC0906B,"Tapioca, sem manteiga, sem recheio",True,49.0,154.0,0.7,True,182,regular|vegan|vegetarian,1,1,none,identity_match
"Tomate, in natura",non_identity_unreviewed,"Pitaia,in natura",BRC0225C,"Pitaia,in natura",True,82.0,9.0,0.1,True,262,regular|vegan|vegetarian,5,10,many_used_names_to_one_target|many_map_names_to_one_target|mapping_classification_not_preserved,preserved_map_only; original selection rationale unavailable
"Tomate, molho, industrializado",non_identity_unreviewed,"Tomate, molho, industrializado, Brasil",BRC0100B,"Tomate, molho, industrializado, Brasil",True,130.0,32.0,0.5,True,32,regular|vegan|vegetarian,1,1,mapping_classification_not_preserved,preserved_map_only; original selection rationale unavailable
"Tomate, refogado (c/ óleo de soja, cebola e alho), c/ sal",identity,"Tomate, refogado (c/ óleo de soja, cebola e alho), c/ sal",BRC0969B,"Tomate, refogado (c/ óleo de soja, cebola e alho), c/ sal",True,94.0,19.0,0.1,True,16,vegan|vegetarian,1,1,none,identity_match
"Torrada, trigo, integral",non_identity_unreviewed,"Torrada, trigo, integral, c/ geleia",BRC0485A,"Torrada, trigo, integral, c/ geleia",True,154.0,132.0,1.0,True,30,regular|vegan|vegetarian,1,1,mapping_classification_not_preserved,preserved_map_only; original selection rationale unavailable
"Torrada, trigo, tradicional",non_identity_unreviewed,"Torrada, trigo, tradicional, c/ geleia",BRC0486A,"Torrada, trigo, tradicional, c/ geleia",True,154.0,132.0,1.0,True,11,regular|vegetarian,1,1,mapping_classification_not_preserved,preserved_map_only; original selection rationale unavailable
"Trigo para quibe, cozido, s/ sal",non_identity_unreviewed,"Tabule, c/ trigo para quibe, c/ sal",BRC0826B,"Tabule, c/ trigo para quibe, c/ sal",True,33.0,37.0,0.5,True,3,vegan,1,2,many_map_names_to_one_target|mapping_classification_not_preserved,preserved_map_only; original selection rationale unavailable
"Uva, in natura",non_identity_unreviewed,"Uva,in natura, Brasil",BRC0033C,"Uva,in natura, Brasil",True,24.0,44.0,0.6,True,28,regular|vegan|vegetarian,1,1,mapping_classification_not_preserved,preserved_map_only; original selection rationale unavailable
"Uva, passa, preta",non_identity_unreviewed,"Uva, passa, preta, Brasil",BRC0169C,"Uva, passa, preta, Brasil",True,85.0,175.0,0.6,True,13,vegan|vegetarian,1,1,mapping_classification_not_preserved,preserved_map_only; original selection rationale unavailable
"Vagem, cozida, drenada, s/ óleo, c/ sal (média de diferentes amostras)",identity,"Vagem, cozida, drenada, s/ óleo, c/ sal (média de diferentes amostras)",BRC0103T,"Vagem, cozida, drenada, s/ óleo, c/ sal (média de diferentes amostras)",True,70.0,95.0,2.9,True,22,regular|vegan|vegetarian,1,1,none,identity_match
"Vagem, refogada (c/ óleo, cebola e alho), c/ sal",identity,"Vagem, refogada (c/ óleo, cebola e alho), c/ sal",BRC0111T,"Vagem, refogada (c/ óleo, cebola e alho), c/ sal",True,70.0,101.0,2.9,True,11,regular|vegan|vegetarian,1,1,none,identity_match
"Vitamina, leite de vaca integral c/ abacate, c/ açúcar",identity,"Vitamina, leite de vaca integral c/ abacate, c/ açúcar",BRC0079G,"Vitamina, leite de vaca integral c/ abacate, c/ açúcar",True,107.0,134.0,0.8,True,7,vegetarian,1,1,none,identity_match
"Vitamina, leite de vaca integral c/ banana, c/ açúcar",identity,"Vitamina, leite de vaca integral c/ banana, c/ açúcar",BRC0073G,"Vitamina, leite de vaca integral c/ banana, c/ açúcar",True,125.0,134.0,0.8,True,54,regular|vegetarian,1,1,none,identity_match
"Vitamina, leite de vaca integral c/ morango, c/ açúcar",identity,"Vitamina, leite de vaca integral c/ morango, c/ açúcar",BRC0081G,"Vitamina, leite de vaca integral c/ morango, c/ açúcar",True,104.0,109.0,0.6,True,6,vegetarian,1,1,none,identity_match
"Óleo, soja",non_identity_unreviewed,"Óleo, soja, frito",BRC0048D,"Óleo, soja, frito",True,169.0,429.0,3.8,True,1,vegan,2,2,many_used_names_to_one_target|many_map_names_to_one_target|mapping_classification_not_preserved,preserved_map_only; original selection rationale unavailable
