profile,food_name,occurrence_count,source_diet_count,lexical_risk_hits,review_status,decision,ingredient_evidence,reviewer,review_date
vegetariana,"Abacate, polpa, in natura",22,21,{},PENDING_INGREDIENT_VERIFICATION,,,,
vegetariana,"Abacaxi, polpa, in natura",22,22,{},PENDING_INGREDIENT_VERIFICATION,,,,
vegetariana,"Abobrinha, italiana, c/ casca, cozida, drenada, s/ óleo, c/ sal",21,21,{},PENDING_INGREDIENT_VERIFICATION,,,,
vegetariana,"Abobrinha, italiana, c/ casca, refogada (c/ óleo, cebola e alho), c/ sal",34,33,{},PENDING_INGREDIENT_VERIFICATION,,,,
vegetariana,"Abóbora, moranga, refogada (c/ óleo, cebolha e alho), c/ sal",25,25,{},PENDING_INGREDIENT_VERIFICATION,,,,
vegetariana,"Abóbora, moranga, s/ casca, s/ semente, assada, s/ óleo, c/ sal",1,1,{},PENDING_INGREDIENT_VERIFICATION,,,,
vegetariana,"Abóbora, moranga, s/ casca, s/ semente, cozida, drenada, s/ óleo, c/ sal",13,13,{},PENDING_INGREDIENT_VERIFICATION,,,,
vegetariana,"Abóbora, pescoço, s/ casca, s/ semente, cozida, drenada, s/ óleo, c/ sal",10,10,{},PENDING_INGREDIENT_VERIFICATION,,,,
vegetariana,"Acelga, crua",9,9,{},PENDING_INGREDIENT_VERIFICATION,,,,
vegetariana,"Achocolatado, pó (média diferentes amostras)",1,1,{},PENDING_INGREDIENT_VERIFICATION,,,,
vegetariana,"Alface, crua",63,47,{},PENDING_INGREDIENT_VERIFICATION,,,,
vegetariana,"Almeirão, cru",1,1,{},PENDING_INGREDIENT_VERIFICATION,,,,
vegetariana,"Amendoim, grão, cru",18,17,{},PENDING_INGREDIENT_VERIFICATION,,,,
vegetariana,"Amendoim, torrado, c/ sal",21,20,{},PENDING_INGREDIENT_VERIFICATION,,,,
vegetariana,"Amêndoa, torrada, c/ sal",26,26,{},PENDING_INGREDIENT_VERIFICATION,,,,
vegetariana,"Arroz com brócolis, c/ arroz polido, c/ sal",9,8,{},PENDING_INGREDIENT_VERIFICATION,,,,
vegetariana,"Arroz, integral, cozido, c/ óleo, cebolha e alho, c/ sal",139,50,{},PENDING_INGREDIENT_VERIFICATION,,,,
vegetariana,"Arroz, polido, cozido, c/ óleo, cebola e alho, c/ sal",40,32,{},PENDING_INGREDIENT_VERIFICATION,,,,
vegetariana,"Aveia, crua (média de diferentes tipos)",66,50,{},PENDING_INGREDIENT_VERIFICATION,,,,
vegetariana,"Azeite, oliva",7,6,{},PENDING_INGREDIENT_VERIFICATION,,,,
vegetariana,"Azeitona, verde, conserva, drenada",1,1,{},PENDING_INGREDIENT_VERIFICATION,,,,
vegetariana,"Banana, da terra, assada, s/ adição de ingredientes",6,6,{},PENDING_INGREDIENT_VERIFICATION,,,,
vegetariana,"Banana, in natura",58,49,{},PENDING_INGREDIENT_VERIFICATION,,,,
vegetariana,"Batata baroa (mandioquinha, batata salsa), cozida, drenada, s/ óleo, c/ sal",2,2,{},PENDING_INGREDIENT_VERIFICATION,,,,
vegetariana,"Batata, doce, s/ casca, cozida, drenada, s/ óleo, c/ sal",47,45,{},PENDING_INGREDIENT_VERIFICATION,,,,
vegetariana,"Batata, inglesa, s/ casca, assada, s/ óleo, c/ sal",1,1,{},PENDING_INGREDIENT_VERIFICATION,,,,
vegetariana,"Batata, inglesa, sauté (c/ margarina e salsa), c/ sal",6,6,{},PENDING_INGREDIENT_VERIFICATION,,,,
vegetariana,"Bebida, café - infusão 8% - média, c/ leite (meio a meio), ""média"", s/ açúcar",10,10,{},PENDING_INGREDIENT_VERIFICATION,,,,
vegetariana,"Bebida, café, infusão 10%, s/ açúcar",80,49,{},PENDING_INGREDIENT_VERIFICATION,,,,
vegetariana,"Bebida, café, infusão 8% - médio, s/ açúcar",9,8,{},PENDING_INGREDIENT_VERIFICATION,,,,
vegetariana,"Bebida, capuccino tradicional (leite desnatado, café - infusão 10% e canela em pó), s/ açúcar",2,2,{},PENDING_INGREDIENT_VERIFICATION,,,,
vegetariana,"Bebida, chá, infusão, s/ açúcar (média de várias ervas)",10,10,{},PENDING_INGREDIENT_VERIFICATION,,,,
vegetariana,"Bebida, chá, mate, infusão 5%, s/ açúcar",2,2,{},PENDING_INGREDIENT_VERIFICATION,,,,
vegetariana,"Bebida, chá, preto, infusão 5%, s/ açúcar",4,4,{},PENDING_INGREDIENT_VERIFICATION,,,,
vegetariana,"Bebida, infusão, hortelã rasteira, planta, folha, s/ açúcar",8,8,{},PENDING_INGREDIENT_VERIFICATION,,,,
vegetariana,"Bebida, refresco, em pó, preparado, c/ água",3,3,{},PENDING_INGREDIENT_VERIFICATION,,,,
vegetariana,"Beringela, c/ casca, cozida, drenada, s/ óleo, c/ sal",1,1,{},PENDING_INGREDIENT_VERIFICATION,,,,
vegetariana,"Berinjela recheada, c/ muçarela, c/ vegetais, c/ sal",5,5,{},PENDING_INGREDIENT_VERIFICATION,,,,
vegetariana,"Berinjela, c/ casca, grelhada, s/ gordura, c/ sal",21,21,{},PENDING_INGREDIENT_VERIFICATION,,,,
vegetariana,"Berinjela, refogada (c/ óleo, cebola e alho), c/ sal",4,4,{},PENDING_INGREDIENT_VERIFICATION,,,,
vegetariana,"Beterraba, cozida, drenada, s/ óleo, c/ sal",18,18,{},PENDING_INGREDIENT_VERIFICATION,,,,
vegetariana,"Beterraba, s/ casca, crua",26,22,{},PENDING_INGREDIENT_VERIFICATION,,,,
vegetariana,"Biscoito, arroz",47,47,{},PENDING_INGREDIENT_VERIFICATION,,,,
vegetariana,"Biscoito, doce, maisena",23,23,{},PENDING_INGREDIENT_VERIFICATION,,,,
vegetariana,"Biscoito, doce, simples (média de diferentes tipos)",2,2,{},PENDING_INGREDIENT_VERIFICATION,,,,
vegetariana,"Biscoito, salgado, cream cracker",8,8,{},PENDING_INGREDIENT_VERIFICATION,,,,
vegetariana,"Biscoito, salgado, cream cracker , integral",8,8,{},PENDING_INGREDIENT_VERIFICATION,,,,
vegetariana,"Brócolis, flor, refogado (c/ óleo, cebola e alho), c/ sal",8,8,{},PENDING_INGREDIENT_VERIFICATION,,,,
vegetariana,"Brócolis, flor, à milanesa (farinha de trigo, ovo e farinha de rosca), frita em imersão, c/ sal",1,1,{},PENDING_INGREDIENT_VERIFICATION,,,,
vegetariana,"Brócolos, flor, cozido, drenado, s/ óleo, c/ sal",73,49,{},PENDING_INGREDIENT_VERIFICATION,,,,
vegetariana,"Canelone, c/ muçarela, s/ molho, caseiro",1,1,{},PENDING_INGREDIENT_VERIFICATION,,,,
vegetariana,"Canelone, c/ ricota, s/ molho, caseiro, c/ sal",11,11,{},PENDING_INGREDIENT_VERIFICATION,,,,
vegetariana,"Castanha de caju, crua, s/ sal",25,25,{},PENDING_INGREDIENT_VERIFICATION,,,,
vegetariana,"Castanha do Brasil, crua",40,40,{},PENDING_INGREDIENT_VERIFICATION,,,,
vegetariana,"Cenoura, s/ casca, cozida, drenada, c/ óleo de soja, c/ sal",7,7,{},PENDING_INGREDIENT_VERIFICATION,,,,
vegetariana,"Cenoura, s/ casca, cozida, drenada, s/ óleo, c/ sal",26,26,{},PENDING_INGREDIENT_VERIFICATION,,,,
vegetariana,"Cenoura, s/ casca, crua",49,41,{},PENDING_INGREDIENT_VERIFICATION,,,,
vegetariana,"Cenoura, s/ casca, refogada (c/ óleo, cebola e alho), c/ sal",1,1,{},PENDING_INGREDIENT_VERIFICATION,,,,
vegetariana,"Cereais, barra (média de diferentes sabores)",1,1,{},PENDING_INGREDIENT_VERIFICATION,,,,
vegetariana,"Cereais, granola, caseira",31,31,{},PENDING_INGREDIENT_VERIFICATION,,,,
vegetariana,"Cereal matinal, milho",4,4,{},PENDING_INGREDIENT_VERIFICATION,,,,
vegetariana,"Chia, semente, seca",35,35,{},PENDING_INGREDIENT_VERIFICATION,,,,
vegetariana,"Chicória, refogada (c/ óleo, cebola e alho), c/ sal",5,5,{},PENDING_INGREDIENT_VERIFICATION,,,,
vegetariana,"Chuchu, s/ casca, cozido, drenado, s/ óleo, c/ sal",5,5,{},PENDING_INGREDIENT_VERIFICATION,,,,
vegetariana,"Chuchu, s/ casca, refogado (c/ óleo, cebola e alho), c/ sal",17,17,{},PENDING_INGREDIENT_VERIFICATION,,,,
vegetariana,"Coco, água",16,16,{},PENDING_INGREDIENT_VERIFICATION,,,,
vegetariana,"Couve, crua",8,8,{},PENDING_INGREDIENT_VERIFICATION,,,,
vegetariana,"Couve, manteiga, refogada (c/ óleo, cebola e alho), c/ sal",39,38,{},PENDING_INGREDIENT_VERIFICATION,,,,
vegetariana,"Couve-flor, cozida, drenada, s/ óleo, c/ sal",19,19,{},PENDING_INGREDIENT_VERIFICATION,,,,
vegetariana,Cream cheese (média de diferentes sabores),35,35,{},PENDING_INGREDIENT_VERIFICATION,,,,
vegetariana,"Cuscuz de milho, cozido, c/ sal",58,49,{},PENDING_INGREDIENT_VERIFICATION,,,,
vegetariana,"Ervilha, em vagem, fresca, cozida, drenada, s/ óleo, c/ sal",9,9,{},PENDING_INGREDIENT_VERIFICATION,,,,
vegetariana,"Ervilha, enlatada, drenada",4,4,{},PENDING_INGREDIENT_VERIFICATION,,,,
vegetariana,"Ervilha, grão, seca, partida, cozida, drenada, s/ óleo, c/ sal",26,26,{},PENDING_INGREDIENT_VERIFICATION,,,,
vegetariana,"Espinafre, folha, cozida, drenado, s/ óleo, c/ sal",1,1,{},PENDING_INGREDIENT_VERIFICATION,,,,
vegetariana,"Espinafre, folha, cru",1,1,{},PENDING_INGREDIENT_VERIFICATION,,,,
vegetariana,"Espinafre, folha, refogada (c/ óleo, cebola e alho), c/ sal",33,33,{},PENDING_INGREDIENT_VERIFICATION,,,,
vegetariana,"Feijão, carioca, cozido (50% grão e 50% caldo), c/ óleo, cebola e alho, c/ sal",63,50,{},PENDING_INGREDIENT_VERIFICATION,,,,
vegetariana,"Feijão, fradinho, cozido (50% grão e 50% caldo), c/ óleo, cebola e alho, c/ sal",44,44,{},PENDING_INGREDIENT_VERIFICATION,,,,
vegetariana,"Feijão, guandu, grão, seco, cozido (50% grão e 50% caldo), s/ óleo, cebola e alho, c/ sal",27,27,{},PENDING_INGREDIENT_VERIFICATION,,,,
vegetariana,"Geleia, s/ açúcar (média de diferentes sabores)",1,1,{},PENDING_INGREDIENT_VERIFICATION,,,,
vegetariana,"Goiaba, inteira, in natura",14,14,{},PENDING_INGREDIENT_VERIFICATION,,,,
vegetariana,"Grão de bico, cozido, dreando, s/ óleo, c/ sal",47,46,{},PENDING_INGREDIENT_VERIFICATION,,,,
vegetariana,"Iogurte, frutas, diet",15,10,{},PENDING_INGREDIENT_VERIFICATION,,,,
vegetariana,"Iogurte, integral (média de diferentes sabores)",15,15,{},PENDING_INGREDIENT_VERIFICATION,,,,
vegetariana,"Iogurte, natural",56,46,{},PENDING_INGREDIENT_VERIFICATION,,,,
vegetariana,"Iogurte, natural, desnatado",118,50,{},PENDING_INGREDIENT_VERIFICATION,,,,
vegetariana,"Kiwi, in natura",3,3,{},PENDING_INGREDIENT_VERIFICATION,,,,
vegetariana,"Lasanha, queijos, c/ molho branco, c/ sal, caseira",1,1,{},PENDING_INGREDIENT_VERIFICATION,,,,
vegetariana,"Lasanha, vegetais, caseira",17,17,{},PENDING_INGREDIENT_VERIFICATION,,,,
vegetariana,"Leite, vaca, c/ chocolate",3,3,{},PENDING_INGREDIENT_VERIFICATION,,,,
vegetariana,"Leite, vaca, desnatado, fluído (média de diferentes amostras)",112,50,{},PENDING_INGREDIENT_VERIFICATION,,,,
vegetariana,"Leite, vaca, integral, em pó",3,3,{},PENDING_INGREDIENT_VERIFICATION,,,,
vegetariana,"Leite, vaca, integral, fluído",42,31,{},PENDING_INGREDIENT_VERIFICATION,,,,
vegetariana,"Leite, vaca, semidesnatado, UHT",13,13,{},PENDING_INGREDIENT_VERIFICATION,,,,
vegetariana,"Lentilha, cozida, drenada, c/ óleo, cebola e alho, c/ sal",63,50,{},PENDING_INGREDIENT_VERIFICATION,,,,
vegetariana,"Linhaça, semente",26,26,{},PENDING_INGREDIENT_VERIFICATION,,,,
vegetariana,"Macarrão, trigo, c/ ovos, c/ alho e óleo, c/ sal",11,11,{},PENDING_INGREDIENT_VERIFICATION,,,,
vegetariana,"Macarrão, trigo, c/ ovos, c/ molho branco (leite, manteiga e farinha de trigo), c/ sal",9,9,{},PENDING_INGREDIENT_VERIFICATION,,,,
vegetariana,"Macarrão, trigo, c/ vegetais, c/ sal",11,11,{},PENDING_INGREDIENT_VERIFICATION,,,,
vegetariana,"Macarrão, trigo, cozido, drenado, s/ óleo, c/ sal",7,7,{},PENDING_INGREDIENT_VERIFICATION,,,,
vegetariana,"Macarrão, trigo, integral, cozido, drenado, s/ óleo, c/ sal",56,47,{},PENDING_INGREDIENT_VERIFICATION,,,,
vegetariana,"Mamão, Papaia, polpa, in natura",53,50,{},PENDING_INGREDIENT_VERIFICATION,,,,
vegetariana,"Mamão, polpa, in natura",11,11,{},PENDING_INGREDIENT_VERIFICATION,,,,
vegetariana,"Mandioca (aipim, macaxeira), s/ casca, cozida, drenada, s/ óleo, c/ sal",15,15,{},PENDING_INGREDIENT_VERIFICATION,,,,
vegetariana,"Manga, polpa, in natura",1,1,{},PENDING_INGREDIENT_VERIFICATION,,,,
vegetariana,"Manteiga, c/ sal",14,14,{},PENDING_INGREDIENT_VERIFICATION,,,,
vegetariana,"Maçã, c/ casca, in natura",56,47,{},PENDING_INGREDIENT_VERIFICATION,,,,
vegetariana,"Melancia, polpa, in natura",1,1,{},PENDING_INGREDIENT_VERIFICATION,,,,
vegetariana,"Melão, polpa, in natura",49,48,{},PENDING_INGREDIENT_VERIFICATION,,,,
vegetariana,"Milho, polenta/fubá, cozido, c/ sal",1,1,{},PENDING_INGREDIENT_VERIFICATION,,,,
vegetariana,"Mingau, de amido de milho (maisena)",9,9,{},PENDING_INGREDIENT_VERIFICATION,,,,
vegetariana,"Mingau, farinha de cereais, c/ leite integral",1,1,{},PENDING_INGREDIENT_VERIFICATION,,,,
vegetariana,"Morango, in natura",13,13,{},PENDING_INGREDIENT_VERIFICATION,,,,
vegetariana,"Mostarda, folha, refogada (c/ óleo, cebola e alho), c/ sal",1,1,{},PENDING_INGREDIENT_VERIFICATION,,,,
vegetariana,"Nhoque (batata, ovo, farinha de trigo), cozido, s/ molho, c/ sal",21,21,{},PENDING_INGREDIENT_VERIFICATION,,,,
vegetariana,"Noz, crua",30,29,{},PENDING_INGREDIENT_VERIFICATION,,,,
vegetariana,"Omelete, c/ ovo de galinha, c/ queijo muçarela, c/ sal",18,18,{},PENDING_INGREDIENT_VERIFICATION,,,,
vegetariana,"Omelete, frios, c/ sal",10,10,{},PENDING_INGREDIENT_VERIFICATION,,,,
vegetariana,"Omelete, vegetais, c/ sal",61,49,{},PENDING_INGREDIENT_VERIFICATION,,,,
vegetariana,"Ovo, galinha, inteiro, cozido, c/ sal",95,50,{},PENDING_INGREDIENT_VERIFICATION,,,,
vegetariana,"Ovo, galinha, inteiro, frito (c/ óleo de soja), c/ sal",23,23,{},PENDING_INGREDIENT_VERIFICATION,,,,
vegetariana,"Ovo, galinha, mexido, c/ margarina, c/ sal",65,50,{},PENDING_INGREDIENT_VERIFICATION,,,,
vegetariana,"Palmito, conversa, drenado (média de variedades - Pupunha e Juçara)",1,1,{},PENDING_INGREDIENT_VERIFICATION,,,,
vegetariana,"Pepino, c/ casca, cru",40,40,{},PENDING_INGREDIENT_VERIFICATION,,,,
vegetariana,"Pequi, polpa, maduro, cru",1,1,{},PENDING_INGREDIENT_VERIFICATION,,,,
vegetariana,"Pera, in natura",50,47,{},PENDING_INGREDIENT_VERIFICATION,,,,
vegetariana,"Pinhão, cozido, s/ sal",4,4,{},PENDING_INGREDIENT_VERIFICATION,,,,
vegetariana,"Pistache, cru, s/ sal",9,9,{},PENDING_INGREDIENT_VERIFICATION,,,,
vegetariana,"Pizza, Marguerita, caseira",1,1,{},PENDING_INGREDIENT_VERIFICATION,,,,
vegetariana,"Pizza, muçarela, caseira",18,18,{},PENDING_INGREDIENT_VERIFICATION,,,,
vegetariana,"Pizza, vegetariana, caseira",4,4,{},PENDING_INGREDIENT_VERIFICATION,,,,
vegetariana,Pudim de leite,1,1,{},PENDING_INGREDIENT_VERIFICATION,,,,
vegetariana,"Pão francês, trigo, branco, de padaria (médias de diferentes amostras)",82,50,{},PENDING_INGREDIENT_VERIFICATION,,,,
vegetariana,"Pão, de queijo, industrializado, assado",16,16,{},PENDING_INGREDIENT_VERIFICATION,,,,
vegetariana,"Pão, milho, forma",7,7,{},PENDING_INGREDIENT_VERIFICATION,,,,
vegetariana,"Pão, sírio, branco",27,27,{},PENDING_INGREDIENT_VERIFICATION,,,,
vegetariana,"Pão, trigo, ciabatta",1,1,{},PENDING_INGREDIENT_VERIFICATION,,,,
vegetariana,"Pão, trigo, integral, forma (média de diferentes marcas)",74,50,{},PENDING_INGREDIENT_VERIFICATION,,,,
vegetariana,"Pão, trigo, leite, industrializado (média de diferentes marcas)",17,17,{},PENDING_INGREDIENT_VERIFICATION,,,,
vegetariana,"Pêssego, in natura",1,1,{},PENDING_INGREDIENT_VERIFICATION,,,,
vegetariana,"Queijo, coalho",31,30,{},PENDING_INGREDIENT_VERIFICATION,,,,
vegetariana,"Queijo, minas, frescal, light",66,50,{},PENDING_INGREDIENT_VERIFICATION,,,,
vegetariana,"Queijo, minas, padrão (média de diferentes amostras)",18,18,{},PENDING_INGREDIENT_VERIFICATION,,,,
vegetariana,"Queijo, muçarela (média de diferentes amostras)",2,2,{},PENDING_INGREDIENT_VERIFICATION,,,,
vegetariana,"Queijo, muçarela, light",45,44,{},PENDING_INGREDIENT_VERIFICATION,,,,
vegetariana,"Queijo, parmesão, ralado",30,29,{},PENDING_INGREDIENT_VERIFICATION,,,,
vegetariana,"Queijo, pasteurizado",1,1,{},PENDING_INGREDIENT_VERIFICATION,,,,
vegetariana,"Queijo, pasteurizado (média de diferentes amostras)",9,9,{},PENDING_INGREDIENT_VERIFICATION,,,,
vegetariana,"Queijo, prato",8,8,{},PENDING_INGREDIENT_VERIFICATION,,,,
vegetariana,"Queijo, requeijão (média de diferentes amostras)",22,22,{},PENDING_INGREDIENT_VERIFICATION,,,,
vegetariana,"Queijo, requeijão, zero % gordura",1,1,{},PENDING_INGREDIENT_VERIFICATION,,,,
vegetariana,"Queijo, ricota",29,29,{},PENDING_INGREDIENT_VERIFICATION,,,,
vegetariana,"Queijo, ricota, light",13,13,{},PENDING_INGREDIENT_VERIFICATION,,,,
vegetariana,"Quinoa, grão, cozida, s/ óleo, s/ sal",29,29,{},PENDING_INGREDIENT_VERIFICATION,,,,
vegetariana,"Rabanete, c/ casca, cru",2,2,{},PENDING_INGREDIENT_VERIFICATION,,,,
vegetariana,"Repolho, branco, refogado (c/ óleo, cebola e alho), c/ sal",11,11,{},PENDING_INGREDIENT_VERIFICATION,,,,
vegetariana,"Repolho, cru",14,14,{},PENDING_INGREDIENT_VERIFICATION,,,,
vegetariana,"Repolho, roxo, cru",1,1,{},PENDING_INGREDIENT_VERIFICATION,,,,
vegetariana,"Risoto de cogumelos, c/ arroz polido, c/ sal",7,7,{},PENDING_INGREDIENT_VERIFICATION,,,,
vegetariana,"Risoto de legumes, c/ arroz polido, c/ sal",15,15,{},PENDING_INGREDIENT_VERIFICATION,,,,
vegetariana,"Rúcula, crua",1,1,{},PENDING_INGREDIENT_VERIFICATION,,,,
vegetariana,"Salada de frutas, c/ açúcar",35,34,{},PENDING_INGREDIENT_VERIFICATION,,,,
vegetariana,"Salada de legumes, cozidos no vapor",12,10,{},PENDING_INGREDIENT_VERIFICATION,,,,
vegetariana,"Salada, alface crespa, c/ óleo de soja, c/ sal",10,10,{},PENDING_INGREDIENT_VERIFICATION,,,,
vegetariana,"Salada, beterraba cozida, c/ óleo de soja, c/ sal",6,6,{},PENDING_INGREDIENT_VERIFICATION,,,,
vegetariana,"Salada, brócolis, cozido, c/ óleo de soja, c/ sal",6,6,{},PENDING_INGREDIENT_VERIFICATION,,,,
vegetariana,"Salada, couve-flor, cozida, c/ óleo de soja, c/ sal",1,1,{},PENDING_INGREDIENT_VERIFICATION,,,,
vegetariana,"Salada, folhas e vegetais, c/ óleo de soja e c/ sal",18,18,{},PENDING_INGREDIENT_VERIFICATION,,,,
vegetariana,"Salada, folhas, c/ óleo de soja, c/ sal",5,5,{},PENDING_INGREDIENT_VERIFICATION,,,,
vegetariana,"Salada, legumes cozidos, c/ óleo de soja, c/ sal",8,8,{},PENDING_INGREDIENT_VERIFICATION,,,,
vegetariana,"Salada, palmito, c/ óleo de soja, c/ sal",5,5,{},PENDING_INGREDIENT_VERIFICATION,,,,
vegetariana,"Salada, pepino, c/ óleo de soja, c/ sal",8,8,{},PENDING_INGREDIENT_VERIFICATION,,,,
vegetariana,"Salada, repolho, branco, cru, c/ molho vinagrete (tomate, cebola, salsinha, vinagre e óleo), c/ sal",11,11,{},PENDING_INGREDIENT_VERIFICATION,,,,
vegetariana,"Salada, tomate, c/ óleo de soja, c/ sal",18,18,{},PENDING_INGREDIENT_VERIFICATION,,,,
vegetariana,"Salada, vegetais crus, s/ óleo, s/ sal",2,2,{},PENDING_INGREDIENT_VERIFICATION,,,,
vegetariana,"Semente de abóbora, inteira, torrada, s/ óleo, s/ sal",15,15,{},PENDING_INGREDIENT_VERIFICATION,,,,
vegetariana,"Semente de girassol, torrada, s/ óleo, s/ sal",31,31,{},PENDING_INGREDIENT_VERIFICATION,,,,
vegetariana,"Soja, grão, cozido, drenado, c/ sal",10,10,{},PENDING_INGREDIENT_VERIFICATION,,,,
vegetariana,"Soja, proteína, texturizada, hidratada (c/ caldo de legumes), refogada, c/ óleo, cebola e alho, c/ sal",64,50,{},PENDING_INGREDIENT_VERIFICATION,,,,
vegetariana,"Soja, tofu",37,36,{},PENDING_INGREDIENT_VERIFICATION,,,,
vegetariana,"Sopa, abóbora, cabotian (japonesa), c/ sal",4,4,{},PENDING_INGREDIENT_VERIFICATION,,,,
vegetariana,"Sopa, feijão, preto, c/ macarrão, c/ sal",17,17,{},PENDING_INGREDIENT_VERIFICATION,,,,
vegetariana,"Sopa, legumes, c/ sal",9,9,{},PENDING_INGREDIENT_VERIFICATION,,,,
vegetariana,"Suco natural, abacaxi, s/ açúcar",8,8,{},PENDING_INGREDIENT_VERIFICATION,,,,
vegetariana,"Suco natural, goiaba, vermelha, s/ açúcar",6,6,{},PENDING_INGREDIENT_VERIFICATION,,,,
vegetariana,"Suco natural, laranja, mamão, pera e maçã, s/ açúcar",5,5,{},PENDING_INGREDIENT_VERIFICATION,,,,
vegetariana,"Suco natural, melancia, c/ açúcar",7,7,{},PENDING_INGREDIENT_VERIFICATION,,,,
vegetariana,"Suco, laranja, s/ açúcar",78,49,{},PENDING_INGREDIENT_VERIFICATION,,,,
vegetariana,"Suco, laranjada, c/ açúcar",3,3,{},PENDING_INGREDIENT_VERIFICATION,,,,
vegetariana,"Suflê, cenoura, c/ molho branco, c/ sal",9,9,{},PENDING_INGREDIENT_VERIFICATION,,,,
vegetariana,"Taioba, folha, cozida, drenada, s/ óleo, c/ sal",1,1,{},PENDING_INGREDIENT_VERIFICATION,,,,
vegetariana,"Tangerina, Ponkã, in natura",18,18,{},PENDING_INGREDIENT_VERIFICATION,,,,
vegetariana,"Tapioca, c/ leite condensado e coco",2,2,{},PENDING_INGREDIENT_VERIFICATION,,,,
vegetariana,"Tapioca, sem manteiga, sem recheio",60,50,{},PENDING_INGREDIENT_VERIFICATION,,,,
vegetariana,"Tomate, in natura",66,50,{},PENDING_INGREDIENT_VERIFICATION,,,,
vegetariana,"Tomate, molho, industrializado",16,15,{},PENDING_INGREDIENT_VERIFICATION,,,,
vegetariana,"Tomate, refogado (c/ óleo de soja, cebola e alho), c/ sal",8,8,{},PENDING_INGREDIENT_VERIFICATION,,,,
vegetariana,"Torrada, trigo, integral",13,13,{},PENDING_INGREDIENT_VERIFICATION,,,,
vegetariana,"Torrada, trigo, tradicional",9,9,{},PENDING_INGREDIENT_VERIFICATION,,,,
vegetariana,"Uva, in natura",3,3,{},PENDING_INGREDIENT_VERIFICATION,,,,
vegetariana,"Uva, passa, preta",1,1,{},PENDING_INGREDIENT_VERIFICATION,,,,
vegetariana,"Vagem, cozida, drenada, s/ óleo, c/ sal (média de diferentes amostras)",3,3,{},PENDING_INGREDIENT_VERIFICATION,,,,
vegetariana,"Vagem, refogada (c/ óleo, cebola e alho), c/ sal",1,1,{},PENDING_INGREDIENT_VERIFICATION,,,,
vegetariana,"Vitamina, leite de vaca integral c/ abacate, c/ açúcar",7,7,{},PENDING_INGREDIENT_VERIFICATION,,,,
vegetariana,"Vitamina, leite de vaca integral c/ banana, c/ açúcar",32,32,{},PENDING_INGREDIENT_VERIFICATION,,,,
vegetariana,"Vitamina, leite de vaca integral c/ morango, c/ açúcar",6,6,{},PENDING_INGREDIENT_VERIFICATION,,,,
vegana,"Abacate, polpa, in natura",52,38,{},PENDING_INGREDIENT_VERIFICATION,,,,
vegana,"Abacaxi, polpa, in natura",10,10,{},PENDING_INGREDIENT_VERIFICATION,,,,
vegana,"Abobrinha, italiana, c/ casca, refogada (c/ óleo, cebola e alho), c/ sal",40,40,{},PENDING_INGREDIENT_VERIFICATION,,,,
vegana,"Abóbora, moranga, refogada (c/ óleo, cebolha e alho), c/ sal",36,36,{},PENDING_INGREDIENT_VERIFICATION,,,,
vegana,"Abóbora, moranga, s/ casca, s/ semente, assada, s/ óleo, c/ sal",10,10,{},PENDING_INGREDIENT_VERIFICATION,,,,
vegana,"Acelga, crua",36,27,{},PENDING_INGREDIENT_VERIFICATION,,,,
vegana,"Alface, crua",77,50,{},PENDING_INGREDIENT_VERIFICATION,,,,
vegana,"Alho, refogado c/ óleo de soja, s/ sal",2,2,{},PENDING_INGREDIENT_VERIFICATION,,,,
vegana,"Almeirão, cru",10,10,{},PENDING_INGREDIENT_VERIFICATION,,,,
vegana,"Amendoim, grão, cru",40,28,{},PENDING_INGREDIENT_VERIFICATION,,,,
vegana,"Amendoim, torrado, c/ sal",36,33,{},PENDING_INGREDIENT_VERIFICATION,,,,
vegana,"Amêndoa, torrada, c/ sal",37,34,{},PENDING_INGREDIENT_VERIFICATION,,,,
vegana,"Arroz, creme, cozido, s/ tempero",8,8,{},PENDING_INGREDIENT_VERIFICATION,,,,
vegana,"Arroz, integral, cozido, c/ óleo, cebolha e alho, c/ sal",151,50,{},PENDING_INGREDIENT_VERIFICATION,,,,
vegana,"Arroz, polido, cozido, c/ óleo, cebola e alho, c/ sal",39,29,{},PENDING_INGREDIENT_VERIFICATION,,,,
vegana,"Aveia, crua (média de diferentes tipos)",66,49,{},PENDING_INGREDIENT_VERIFICATION,,,,
vegana,"Avelã , crua, s/ sal",27,27,{},PENDING_INGREDIENT_VERIFICATION,,,,
vegana,"Azeite, oliva",112,23,{},PENDING_INGREDIENT_VERIFICATION,,,,
vegana,"Banana, da terra, assada, s/ adição de ingredientes",36,29,{},PENDING_INGREDIENT_VERIFICATION,,,,
vegana,"Banana, in natura",74,49,{},PENDING_INGREDIENT_VERIFICATION,,,,
vegana,"Barra de cereal, diet",11,11,{},PENDING_INGREDIENT_VERIFICATION,,,,
vegana,"Batata baroa (mandioquinha, batata salsa), cozida, drenada, s/ óleo, c/ sal",19,19,{},PENDING_INGREDIENT_VERIFICATION,,,,
vegana,"Batata, doce, s/ casca, cozida, drenada, s/ óleo, c/ sal",51,49,{},PENDING_INGREDIENT_VERIFICATION,,,,
vegana,"Batata, inglesa, s/ casca, cozida, drenada, s/ óleo, c/ sal",19,19,{},PENDING_INGREDIENT_VERIFICATION,,,,
vegana,"Bebida, café, infusão 10%, s/ açúcar",66,40,{},PENDING_INGREDIENT_VERIFICATION,,,,
vegana,"Bebida, chá, infusão, s/ açúcar (média de várias ervas)",14,14,{},PENDING_INGREDIENT_VERIFICATION,,,,
vegana,"Bebida, chá, mate, infusão 5%, s/ açúcar",11,10,{},PENDING_INGREDIENT_VERIFICATION,,,,
vegana,"Bebida, chá, preto, infusão 5%, s/ açúcar",26,25,{},PENDING_INGREDIENT_VERIFICATION,,,,
vegana,"Bebida, infusão, erva-mate, chimarrão, (70g de matéria seca - 30% de ramos e 70% de folhas - em 1 L de água)",3,3,{},PENDING_INGREDIENT_VERIFICATION,,,,
vegana,"Berinjela, c/ casca, grelhada, s/ gordura, c/ sal",1,1,{},PENDING_INGREDIENT_VERIFICATION,,,,
vegana,"Berinjela, refogada (c/ óleo, cebola e alho), c/ sal",19,19,{},PENDING_INGREDIENT_VERIFICATION,,,,
vegana,"Beterraba, cozida, drenada, s/ óleo, c/ sal",10,10,{},PENDING_INGREDIENT_VERIFICATION,,,,
vegana,"Beterraba, refogada (c/ óleo, cebola e alho), c/ sal",9,9,{},PENDING_INGREDIENT_VERIFICATION,,,,
vegana,"Beterraba, s/ casca, crua",33,33,{},PENDING_INGREDIENT_VERIFICATION,,,,
vegana,"Biscoito, arroz",47,47,{},PENDING_INGREDIENT_VERIFICATION,,,,
vegana,"Biscoito, doce, simples (média de diferentes tipos)",4,4,{},PENDING_INGREDIENT_VERIFICATION,,,,
vegana,"Brócolis, flor, refogado (c/ óleo, cebola e alho), c/ sal",10,10,{},PENDING_INGREDIENT_VERIFICATION,,,,
vegana,"Brócolos, flor, cozido, drenado, s/ óleo, c/ sal",57,49,{},PENDING_INGREDIENT_VERIFICATION,,,,
vegana,"Cacau, in natura",3,3,{},PENDING_INGREDIENT_VERIFICATION,,,,
vegana,"Canela, em pó",4,4,{},PENDING_INGREDIENT_VERIFICATION,,,,
vegana,"Canjica, milho, branca, cozida, drenada",4,3,{},PENDING_INGREDIENT_VERIFICATION,,,,
vegana,"Caqui, in natura",9,9,{},PENDING_INGREDIENT_VERIFICATION,,,,
vegana,"Castanha de caju, crua, s/ sal",51,49,{},PENDING_INGREDIENT_VERIFICATION,,,,
vegana,"Castanha do Brasil, crua",75,49,{},PENDING_INGREDIENT_VERIFICATION,,,,
vegana,"Catchup, tomate, molho",2,2,{},PENDING_INGREDIENT_VERIFICATION,,,,
vegana,"Cebolinha, verde, crua",8,8,{},PENDING_INGREDIENT_VERIFICATION,,,,
vegana,"Cenoura, s/ casca, cozida, drenada, s/ óleo, c/ sal",18,16,{},PENDING_INGREDIENT_VERIFICATION,,,,
vegana,"Cenoura, s/ casca, crua",30,26,{},PENDING_INGREDIENT_VERIFICATION,,,,
vegana,"Cereais, barra (média de diferentes sabores)",3,3,{},PENDING_INGREDIENT_VERIFICATION,,,,
vegana,"Cereais, granola, caseira",16,16,{},PENDING_INGREDIENT_VERIFICATION,,,,
vegana,"Cereal matinal, milho",13,13,{},PENDING_INGREDIENT_VERIFICATION,,,,
vegana,"Chia, semente, seca",55,48,{},PENDING_INGREDIENT_VERIFICATION,,,,
vegana,"Chicória, crua",7,7,{},PENDING_INGREDIENT_VERIFICATION,,,,
vegana,"Chicória, refogada (c/ óleo, cebola e alho), c/ sal",4,4,{},PENDING_INGREDIENT_VERIFICATION,,,,
vegana,"Chuchu, s/ casca, refogado (c/ óleo, cebola e alho), c/ sal",9,9,{},PENDING_INGREDIENT_VERIFICATION,,,,
vegana,"Coco, leite",14,14,{},PENDING_INGREDIENT_VERIFICATION,,,,
vegana,"Coco, polpa, in natura",40,38,{},PENDING_INGREDIENT_VERIFICATION,,,,
vegana,"Coco, água",45,35,{},PENDING_INGREDIENT_VERIFICATION,,,,
vegana,"Cogumelo, Paris, cozido, drenado, s/ óleo, c/ sal",4,4,{},PENDING_INGREDIENT_VERIFICATION,,,,
vegana,"Couve, crua",12,10,{},PENDING_INGREDIENT_VERIFICATION,,,,
vegana,"Couve, manteiga, refogada (c/ óleo, cebola e alho), c/ sal",48,47,"{""dairy"": [""manteiga""]}",PENDING_INGREDIENT_VERIFICATION,,,,
vegana,"Couve-flor, cozida, drenada, s/ óleo, c/ sal",26,26,{},PENDING_INGREDIENT_VERIFICATION,,,,
vegana,"Cuscuz de milho, cozido, c/ sal",63,49,{},PENDING_INGREDIENT_VERIFICATION,,,,
vegana,"Ervilha, grão, seca, partida, cozida, drenada, s/ óleo, c/ sal",54,47,{},PENDING_INGREDIENT_VERIFICATION,,,,
vegana,"Espinafre, folha, cru",10,10,{},PENDING_INGREDIENT_VERIFICATION,,,,
vegana,"Espinafre, folha, refogada (c/ óleo, cebola e alho), c/ sal",30,30,{},PENDING_INGREDIENT_VERIFICATION,,,,
vegana,"Fava, grão, seco, cozida, drenada, s/ óleo, c/ sal",15,14,{},PENDING_INGREDIENT_VERIFICATION,,,,
vegana,Feijoada vegetariana,32,31,{},PENDING_INGREDIENT_VERIFICATION,,,,
vegana,"Feijão, carioca, cozido (50% grão e 50% caldo), c/ óleo, cebola e alho, c/ sal",86,50,{},PENDING_INGREDIENT_VERIFICATION,,,,
vegana,"Feijão, fradinho, cozido (50% grão e 50% caldo), c/ óleo, cebola e alho, c/ sal",53,50,{},PENDING_INGREDIENT_VERIFICATION,,,,
vegana,"Feijão, guandu, grão, seco, cozido (50% grão e 50% caldo), s/ óleo, cebola e alho, c/ sal",36,31,{},PENDING_INGREDIENT_VERIFICATION,,,,
vegana,"Feijão, preto, cozido (50% grão e 50% caldo), c/ carne de boi, músculo, s/ gordura, c/ óleo, cebola e alho, c/ sal",1,1,"{""meat_or_fish"": [""carne"", ""boi"", ""musculo""]}",PENDING_INGREDIENT_VERIFICATION,,,,
vegana,"Geleia, s/ açúcar (média de diferentes sabores)",23,22,{},PENDING_INGREDIENT_VERIFICATION,,,,
vegana,"Goiaba, inteira, in natura",31,31,{},PENDING_INGREDIENT_VERIFICATION,,,,
vegana,"Grão de bico, cozido, dreando, s/ óleo, c/ sal",68,49,{},PENDING_INGREDIENT_VERIFICATION,,,,
vegana,"Inhame, s/ casca, cozido, drenado, s/ óleo, c/ sal",20,20,{},PENDING_INGREDIENT_VERIFICATION,,,,
vegana,"Inhame, s/ casca, refogado (c/ óleo, cebola e alho), c/ sal",20,20,{},PENDING_INGREDIENT_VERIFICATION,,,,
vegana,"Kiwi, in natura",20,20,{},PENDING_INGREDIENT_VERIFICATION,,,,
vegana,"Laranja, in natura",18,18,{},PENDING_INGREDIENT_VERIFICATION,,,,
vegana,"Leite, vaca, c/ chocolate",4,4,"{""dairy"": [""leite""]}",PENDING_INGREDIENT_VERIFICATION,,,,
vegana,"Lentilha, cozida, drenada, c/ óleo, cebola e alho, c/ sal",87,49,{},PENDING_INGREDIENT_VERIFICATION,,,,
vegana,"Linhaça, semente",54,46,{},PENDING_INGREDIENT_VERIFICATION,,,,
vegana,"Macarrão, trigo, c/ vegetais, c/ sal",7,7,{},PENDING_INGREDIENT_VERIFICATION,,,,
vegana,"Macarrão, trigo, cozido, drenado, s/ óleo, c/ sal",35,23,{},PENDING_INGREDIENT_VERIFICATION,,,,
vegana,"Macarrão, trigo, integral, cozido, drenado, s/ óleo, c/ sal",60,37,{},PENDING_INGREDIENT_VERIFICATION,,,,
vegana,"Mamão, Papaia, polpa, in natura",55,45,{},PENDING_INGREDIENT_VERIFICATION,,,,
vegana,"Mamão, polpa, in natura",5,5,{},PENDING_INGREDIENT_VERIFICATION,,,,
vegana,"Mandioca (aipim, macaxeira), s/ casca, cozida, drenada, s/ óleo, c/ sal",44,43,{},PENDING_INGREDIENT_VERIFICATION,,,,
vegana,"Mandioca, farofa, temperada, c/ sal",9,9,{},PENDING_INGREDIENT_VERIFICATION,,,,
vegana,"Mandioca, s/ casca, cozida, assada, s/ óleo, c/ sal",10,10,{},PENDING_INGREDIENT_VERIFICATION,,,,
vegana,"Manga, polpa, in natura",5,5,{},PENDING_INGREDIENT_VERIFICATION,,,,
vegana,"Margarina, c/ óleo interesterificado (65% lipídeos), s/ sal",20,9,{},PENDING_INGREDIENT_VERIFICATION,,,,
vegana,"Maçã, c/ casca, in natura",55,50,{},PENDING_INGREDIENT_VERIFICATION,,,,
vegana,"Melado, cana",3,3,{},PENDING_INGREDIENT_VERIFICATION,,,,
vegana,"Melancia, polpa, in natura",10,9,{},PENDING_INGREDIENT_VERIFICATION,,,,
vegana,"Melão, polpa, in natura",46,46,{},PENDING_INGREDIENT_VERIFICATION,,,,
vegana,"Milho, polenta/fubá, cozido, c/ sal",9,9,{},PENDING_INGREDIENT_VERIFICATION,,,,
vegana,"Milho, verde, grão, cozido, drenado, c/ sal",7,7,{},PENDING_INGREDIENT_VERIFICATION,,,,
vegana,"Morango, in natura",24,19,{},PENDING_INGREDIENT_VERIFICATION,,,,
vegana,"Noz, crua",54,48,{},PENDING_INGREDIENT_VERIFICATION,,,,
vegana,"Pepino, c/ casca, cru",32,32,{},PENDING_INGREDIENT_VERIFICATION,,,,
vegana,"Pera, in natura",48,48,{},PENDING_INGREDIENT_VERIFICATION,,,,
vegana,"Pimentão, refogado, c/ sal",10,10,{},PENDING_INGREDIENT_VERIFICATION,,,,
vegana,"Pinhão, cozido, s/ sal",18,18,{},PENDING_INGREDIENT_VERIFICATION,,,,
vegana,"Pistache, cru, s/ sal",20,19,{},PENDING_INGREDIENT_VERIFICATION,,,,
vegana,"Pão francês, trigo, branco, de padaria (médias de diferentes amostras)",58,42,{},PENDING_INGREDIENT_VERIFICATION,,,,
vegana,"Pão, sírio, branco",42,42,{},PENDING_INGREDIENT_VERIFICATION,,,,
vegana,"Pão, trigo, integral, caseiro",9,9,{},PENDING_INGREDIENT_VERIFICATION,,,,
vegana,"Pão, trigo, integral, forma (média de diferentes marcas)",51,39,{},PENDING_INGREDIENT_VERIFICATION,,,,
vegana,"Quiabo, c/ casca, refogado (c/ óleo, cebola e alho), c/ sal",10,10,{},PENDING_INGREDIENT_VERIFICATION,,,,
vegana,"Quinoa, grão, cozida, s/ óleo, s/ sal",48,47,{},PENDING_INGREDIENT_VERIFICATION,,,,
vegana,"Repolho, branco, refogado (c/ óleo, cebola e alho), c/ sal",1,1,{},PENDING_INGREDIENT_VERIFICATION,,,,
vegana,"Repolho, cru",21,21,{},PENDING_INGREDIENT_VERIFICATION,,,,
vegana,"Repolho, roxo, cru",8,8,{},PENDING_INGREDIENT_VERIFICATION,,,,
vegana,"Risoto de cogumelos, c/ arroz polido, c/ sal",9,9,{},PENDING_INGREDIENT_VERIFICATION,,,,
vegana,"Risoto de legumes, c/ arroz polido, c/ sal",7,7,{},PENDING_INGREDIENT_VERIFICATION,,,,
vegana,"Rúcula, crua",7,7,{},PENDING_INGREDIENT_VERIFICATION,,,,
vegana,"Salada de frutas, c/ açúcar",16,16,{},PENDING_INGREDIENT_VERIFICATION,,,,
vegana,"Salada de legumes, cozidos no vapor",9,9,{},PENDING_INGREDIENT_VERIFICATION,,,,
vegana,"Salada, alface crespa, c/ óleo de soja, c/ sal",7,7,{},PENDING_INGREDIENT_VERIFICATION,,,,
vegana,"Salada, beterraba cozida, c/ óleo de soja, c/ sal",8,8,{},PENDING_INGREDIENT_VERIFICATION,,,,
vegana,"Salada, folhas e vegetais, c/ óleo de soja e c/ sal",8,8,{},PENDING_INGREDIENT_VERIFICATION,,,,
vegana,"Salada, legumes cozidos, c/ óleo de soja, c/ sal",8,8,{},PENDING_INGREDIENT_VERIFICATION,,,,
vegana,"Salada, repolho, branco, cru, c/ molho vinagrete (tomate, cebola, salsinha, vinagre e óleo), c/ sal",10,10,{},PENDING_INGREDIENT_VERIFICATION,,,,
vegana,"Salada, vegetais crus, s/ óleo, s/ sal",1,1,{},PENDING_INGREDIENT_VERIFICATION,,,,
vegana,"Semente de abóbora, inteira, torrada, s/ óleo, s/ sal",44,43,{},PENDING_INGREDIENT_VERIFICATION,,,,
vegana,"Semente de girassol, torrada, s/ óleo, s/ sal",42,42,{},PENDING_INGREDIENT_VERIFICATION,,,,
vegana,"Soja, extrato, bebida (média de diferentes sabores)",17,13,{},PENDING_INGREDIENT_VERIFICATION,,,,
vegana,"Soja, extrato, bebida, natural (média de diferentes amostras)",76,37,{},PENDING_INGREDIENT_VERIFICATION,,,,
vegana,"Soja, extrato, solúvel, em pó",8,8,{},PENDING_INGREDIENT_VERIFICATION,,,,
vegana,"Soja, grão, cozido, drenado, c/ sal",23,19,{},PENDING_INGREDIENT_VERIFICATION,,,,
vegana,"Soja, proteína, texturizada, hidratada (c/ caldo de legumes), refogada, c/ óleo, cebola e alho, c/ sal",48,33,{},PENDING_INGREDIENT_VERIFICATION,,,,
vegana,"Soja, tofu",50,33,{},PENDING_INGREDIENT_VERIFICATION,,,,
vegana,"Sopa, feijão, preto, c/ sal",7,7,{},PENDING_INGREDIENT_VERIFICATION,,,,
vegana,Strogonoff de soja,33,31,{},PENDING_INGREDIENT_VERIFICATION,,,,
vegana,"Suco natural, abacaxi, s/ açúcar",36,36,{},PENDING_INGREDIENT_VERIFICATION,,,,
vegana,"Suco natural, goiaba, vermelha, s/ açúcar",7,7,{},PENDING_INGREDIENT_VERIFICATION,,,,
vegana,"Suco natural, manga, s/ açúcar",10,10,{},PENDING_INGREDIENT_VERIFICATION,,,,
vegana,"Suco natural, melancia, c/ açúcar",11,7,{},PENDING_INGREDIENT_VERIFICATION,,,,
vegana,"Suco natural, melão, s/ açúcar",10,10,{},PENDING_INGREDIENT_VERIFICATION,,,,
vegana,"Suco natural, morango, s/ açúcar",10,10,{},PENDING_INGREDIENT_VERIFICATION,,,,
vegana,"Suco, clorofila",4,4,{},PENDING_INGREDIENT_VERIFICATION,,,,
vegana,"Suco, laranja, s/ açúcar",82,50,{},PENDING_INGREDIENT_VERIFICATION,,,,
vegana,"Suco, limonada), s/ açúcar",1,1,{},PENDING_INGREDIENT_VERIFICATION,,,,
vegana,Tahini (pasta de gergelim),71,38,{},PENDING_INGREDIENT_VERIFICATION,,,,
vegana,"Tangerina, Ponkã, in natura",16,16,{},PENDING_INGREDIENT_VERIFICATION,,,,
vegana,"Tapioca, sem manteiga, sem recheio",69,49,{},PENDING_INGREDIENT_VERIFICATION,,,,
vegana,"Tomate, in natura",99,50,{},PENDING_INGREDIENT_VERIFICATION,,,,
vegana,"Tomate, molho, industrializado",11,11,{},PENDING_INGREDIENT_VERIFICATION,,,,
vegana,"Tomate, refogado (c/ óleo de soja, cebola e alho), c/ sal",8,8,{},PENDING_INGREDIENT_VERIFICATION,,,,
vegana,"Torrada, trigo, integral",2,2,{},PENDING_INGREDIENT_VERIFICATION,,,,
vegana,"Trigo para quibe, cozido, s/ sal",3,2,{},PENDING_INGREDIENT_VERIFICATION,,,,
vegana,"Uva, in natura",16,16,{},PENDING_INGREDIENT_VERIFICATION,,,,
vegana,"Uva, passa, preta",12,12,{},PENDING_INGREDIENT_VERIFICATION,,,,
vegana,"Vagem, cozida, drenada, s/ óleo, c/ sal (média de diferentes amostras)",10,10,{},PENDING_INGREDIENT_VERIFICATION,,,,
vegana,"Vagem, refogada (c/ óleo, cebola e alho), c/ sal",9,9,{},PENDING_INGREDIENT_VERIFICATION,,,,
vegana,"Óleo, soja",1,1,{},PENDING_INGREDIENT_VERIFICATION,,,,
